match_key,match_date,year,tourney_id,tournament,event_type,surface,indoor,round,best_of,score,minutes,data_source,player_id,player,player_rank,player_seed,player_entry,opponent_id,opponent,opponent_country,opponent_rank,opponent_seed,result,win,aces,double_faults,serve_points,first_serves_in,first_serve_points_won,second_serve_points_won,service_games,bp_saved,bp_faced,opp_bp_saved,opp_bp_faced,ranking_difference,upset_win,upset_loss,first_serve_in_pct,first_serve_win_pct,second_serve_win_pct,bp_save_pct,bp_opportunities,bp_converted,bp_conversion_pct,ace_rate,double_fault_rate,completed_sets,winner_sets_won,loser_sets_won,tiebreaks_played,winner_tiebreaks_won,loser_tiebreaks_won,winner_won_first_set,retirement_or_abandoned,walkover_or_default,score_parseable,deciding_set_played,five_set_match,player_sets_won,opponent_sets_won,player_tiebreaks_won,tiebreak_win_pct,straight_set_win,deciding_set_win,five_set_win,comeback_win,ranking_expected_win_prob,expectation_group,performance_vs_expectation,expectation_outcome
2026-580|12,2026-01-18,2026,2026-580,Australian Open,Grand Slam,Hard,O,R128,5,6-4 6-4 3-6 6-7(0) 6-3,224.0,completed,Z0BZ,Michael Zheng,174.0,,,K0AH,Sebastian Korda,USA,53.0,,W,1,4.0,0.0,174.0,115.0,79.0,34.0,0.0,6.0,7.0,4.0,8.0,-121.0,1,0,0.6609195402298851,0.6869565217391305,0.576271186440678,0.8571428571428571,8.0,4.0,0.5,0.022988505747126436,0.0,5,3,2,1,0,1,True,False,False,True,True,True,3,2,0,0.0,0,1,1,0,0.23348017621145375,Expected loss,0.7665198237885462,Upset win
2026-580|12,2026-01-18,2026,2026-580,Australian Open,Grand Slam,Hard,O,R128,5,6-4 6-4 3-6 6-7(0) 6-3,224.0,completed,K0AH,Sebastian Korda,53.0,,,Z0BZ,Michael Zheng,USA,174.0,,L,0,22.0,5.0,142.0,89.0,71.0,31.0,0.0,4.0,8.0,6.0,7.0,121.0,0,1,0.6267605633802817,0.797752808988764,0.5849056603773585,0.5,7.0,1.0,0.14285714285714285,0.15492957746478872,0.035211267605633804,5,3,2,1,0,1,True,False,False,True,True,True,2,3,1,1.0,0,0,0,0,0.7665198237885462,Expected win,-0.7665198237885462,Unexpected loss
2026-580|13,2026-01-18,2026,2026-580,Australian Open,Grand Slam,Hard,O,R128,5,6-4 6-4 6-4,127.0,completed,B0CD,Jenson Brooksby,48.0,,,BK92,Alexander Bublik,KAZ,10.0,10.0,L,0,4.0,1.0,97.0,61.0,38.0,20.0,0.0,7.0,11.0,7.0,8.0,-38.0,0,0,0.6288659793814433,0.6229508196721312,0.5555555555555556,0.6363636363636364,8.0,1.0,0.125,0.041237113402061855,0.010309278350515464,3,3,0,0,0,0,True,False,False,True,False,False,0,3,0,,0,0,0,0,0.1724137931034483,Expected loss,-0.1724137931034483,Loss
2026-580|14,2026-01-18,2026,2026-580,Australian Open,Grand Slam,Hard,O,R128,5,7-5 4-6 6-4 7-6(3),172.0,completed,S0K7,Zachary Svajda,143.0,,,H997,Yannick Hanfmann,GER,102.0,,L,0,11.0,8.0,143.0,102.0,69.0,18.0,0.0,4.0,9.0,4.0,8.0,-41.0,0,0,0.7132867132867133,0.6764705882352942,0.43902439024390244,0.4444444444444444,8.0,4.0,0.5,0.07692307692307693,0.055944055944055944,4,3,1,1,1,0,True,False,False,True,False,False,1,3,0,0.0,0,0,0,0,0.4163265306122449,Toss-up,-0.4163265306122449,Loss
2026-580|6,2026-01-18,2026,2026-580,Australian Open,Grand Slam,Hard,O,R128,5,6-2 6-3 3-6 6-3,168.0,completed,K0A3,Patrick Kypson,116.0,,,C0DF,Francisco Comesana,ARG,68.0,,L,0,12.0,7.0,118.0,111.0,68.0,0.0,0.0,6.0,10.0,1.0,2.0,-48.0,0,0,0.940677966101695,0.6126126126126126,0.0,0.6,2.0,1.0,0.5,0.1016949152542373,0.059322033898305086,4,3,1,0,0,0,True,False,False,True,False,False,1,3,0,,0,0,0,0,0.3695652173913043,Toss-up,-0.3695652173913043,Loss
2026-580|8,2026-01-18,2026,2026-580,Australian Open,Grand Slam,Hard,O,R128,5,6-2 7-5 6-7(5) 4-6 7-6(6),215.0,completed,N0AM,Emilio Nava,89.0,,,J0AZ,Kyrian Jacquet,FRA,128.0,,W,1,27.0,6.0,159.0,110.0,87.0,28.0,0.0,5.0,8.0,6.0,11.0,39.0,0,0,0.6918238993710691,0.7909090909090909,0.5714285714285714,0.625,11.0,5.0,0.45454545454545453,0.16981132075471697,0.03773584905660377,5,3,2,2,1,1,True,False,False,True,True,True,3,2,1,0.5,0,1,1,0,0.5898617511520737,Toss-up,0.41013824884792627,Win
2026-580|9,2026-01-18,2026,2026-580,Australian Open,Grand Slam,Hard,O,R128,5,7-6(4) 6-3 6-2,136.0,completed,TD51,Frances Tiafoe,34.0,29.0,,KB95,Jason Kubler,AUS,194.0,,W,1,23.0,5.0,108.0,64.0,50.0,22.0,0.0,5.0,6.0,2.0,6.0,160.0,0,0,0.5925925925925926,0.78125,0.5,0.8333333333333334,6.0,4.0,0.6666666666666666,0.21296296296296297,0.046296296296296294,3,3,0,1,1,0,True,False,False,True,False,False,3,0,1,1.0,1,0,0,0,0.8508771929824561,Expected win,0.14912280701754388,Win
2026-580|20,2026-01-19,2026,2026-580,Australian Open,Grand Slam,Hard,O,R128,5,6-4 6-3 6-3,94.0,completed,K0AZ,Aleksandar Kovacevic,56.0,,,PL56,Tommy Paul,USA,20.0,19.0,L,0,10.0,5.0,77.0,47.0,34.0,13.0,0.0,2.0,6.0,0.0,0.0,-36.0,0,0,0.6103896103896104,0.723404255319149,0.43333333333333335,0.3333333333333333,0.0,0.0,,0.12987012987012986,0.06493506493506493,3,3,0,0,0,0,True,False,False,True,False,False,0,3,0,,0,0,0,0,0.2631578947368421,Expected loss,-0.2631578947368421,Loss
2026-580|20,2026-01-19,2026,2026-580,Australian Open,Grand Slam,Hard,O,R128,5,6-4 6-3 6-3,94.0,completed,PL56,Tommy Paul,20.0,19.0,,K0AZ,Aleksandar Kovacevic,USA,56.0,,W,1,20.0,0.0,67.0,44.0,40.0,16.0,0.0,0.0,0.0,2.0,6.0,36.0,0,0,0.6567164179104478,0.9090909090909091,0.6956521739130435,,6.0,4.0,0.6666666666666666,0.29850746268656714,0.0,3,3,0,0,0,0,True,False,False,True,False,False,3,0,0,,1,0,0,0,0.7368421052631579,Expected win,0.26315789473684215,Win
2026-580|22,2026-01-19,2026,2026-580,Australian Open,Grand Slam,Hard,O,R128,5,6-4 6-3 6-4,93.0,completed,O522,Reilly Opelka,63.0,,,B0U4,Nicolai Budkov Kjaer,NOR,135.0,,W,1,23.0,4.0,71.0,54.0,51.0,10.0,0.0,2.0,2.0,1.0,4.0,72.0,0,0,0.7605633802816901,0.9444444444444444,0.5882352941176471,1.0,4.0,3.0,0.75,0.323943661971831,0.056338028169014086,3,3,0,0,0,0,True,False,False,True,False,False,3,0,0,,1,0,0,0,0.6818181818181818,Expected win,0.31818181818181823,Win
2026-580|24,2026-01-19,2026,2026-580,Australian Open,Grand Slam,Hard,O,R128,5,6-2 6-2 6-3,109.0,completed,MK66,Mackenzie McDonald,113.0,,,DH58,Alex de Minaur,AUS,6.0,6.0,L,0,7.0,2.0,91.0,55.0,32.0,16.0,0.0,5.0,11.0,1.0,1.0,-107.0,0,0,0.6043956043956044,0.5818181818181818,0.4444444444444444,0.45454545454545453,1.0,0.0,0.0,0.07692307692307693,0.02197802197802198,3,3,0,0,0,0,True,False,False,True,False,False,0,3,0,,0,0,0,0,0.05042016806722689,Expected loss,-0.05042016806722689,Loss
2026-580|28,2026-01-19,2026,2026-580,Australian Open,Grand Slam,Hard,O,R128,5,7-6(2) 4-6 3-6 7-6(3) 6-2,223.0,completed,T0HA,Learner Tien,29.0,25.0,,GC88,Marcos Giron,USA,51.0,,W,1,21.0,10.0,165.0,103.0,70.0,33.0,0.0,12.0,18.0,7.0,13.0,22.0,0,0,0.6242424242424243,0.6796116504854369,0.532258064516129,0.6666666666666666,13.0,6.0,0.46153846153846156,0.12727272727272726,0.06060606060606061,5,3,2,2,2,0,True,False,False,True,True,True,3,2,2,1.0,0,1,1,0,0.6375,Toss-up,0.36250000000000004,Win
2026-580|28,2026-01-19,2026,2026-580,Australian Open,Grand Slam,Hard,O,R128,5,7-6(2) 4-6 3-6 7-6(3) 6-2,223.0,completed,GC88,Marcos Giron,51.0,,,T0HA,Learner Tien,USA,29.0,25.0,L,0,14.0,3.0,176.0,114.0,74.0,29.0,0.0,7.0,13.0,12.0,18.0,-22.0,0,0,0.6477272727272727,0.6491228070175439,0.46774193548387094,0.5384615384615384,18.0,6.0,0.3333333333333333,0.07954545454545454,0.017045454545454544,5,3,2,2,2,0,True,False,False,True,True,True,2,3,0,0.0,0,0,0,0,0.3625,Toss-up,-0.3625,Loss
2026-580|34,2026-01-19,2026,2026-580,Australian Open,Grand Slam,Hard,O,R128,5,6-3 4-6 7-6(1) 7-6(3),210.0,completed,N0AE,Brandon Nakashima,30.0,27,,V812,Botic van de Zandschulp,NED,75.0,,L,0,10.0,3.0,126.0,105.0,73.0,15.0,0.0,1.0,3.0,5.0,6.0,45.0,0,1,0.8333333333333334,0.6952380952380952,0.7142857142857143,0.3333333333333333,6.0,1.0,0.16666666666666666,0.07936507936507936,0.023809523809523808,4,3,1,2,2,0,True,False,False,True,False,False,1,3,0,0.0,0,0,0,0,0.7142857142857143,Expected win,-0.7142857142857143,Unexpected loss
2026-580|42,2026-01-19,2026,2026-580,Australian Open,Grand Slam,Hard,O,R128,5,6-4 6-4 6-4,117.0,completed,D0DT,Martin Damm,177.0,,,VA25,Valentin Vacherot,MON,31.0,30.0,L,0,16.0,4.0,84.0,55.0,41.0,13.0,0.0,0.0,3.0,5.0,5.0,-146.0,0,0,0.6547619047619048,0.7454545454545455,0.4482758620689655,0.0,5.0,0.0,0.0,0.19047619047619047,0.047619047619047616,3,3,0,0,0,0,True,False,False,True,False,False,0,3,0,,0,0,0,0,0.14903846153846154,Expected loss,-0.14903846153846154,Loss
2026-580|46,2026-01-20,2026,2026-580,Australian Open,Grand Slam,Hard,O,R128,5,6-3 7-6(2) 7-6(5),160.0,completed,S0S1,Ben Shelton,7.0,8.0,,HH26,Ugo Humbert,FRA,33.0,,W,1,15.0,2.0,103.0,72.0,56.0,20.0,0.0,1.0,3.0,7.0,10.0,26.0,0,0,0.6990291262135923,0.7777777777777778,0.6451612903225806,0.3333333333333333,10.0,3.0,0.3,0.14563106796116504,0.019417475728155338,3,3,0,2,2,0,True,False,False,True,False,False,3,0,2,1.0,1,0,0,0,0.825,Expected win,0.17500000000000004,Win
2026-580|47,2026-01-20,2026,2026-580,Australian Open,Grand Slam,Hard,O,R128,5,4-6 6-4 6-3 5-7 6-3,237.0,completed,M0QI,Alex Michelsen,38.0,,,KE29,Karen Khachanov,RUS,18.0,15.0,L,0,16.0,4.0,142.0,94.0,72.0,25.0,0.0,11.0,15.0,11.0,13.0,-20.0,0,0,0.6619718309859155,0.7659574468085106,0.5208333333333334,0.7333333333333333,13.0,2.0,0.15384615384615385,0.11267605633802817,0.028169014084507043,5,3,2,0,0,0,False,False,False,True,True,True,2,3,0,,0,0,0,0,0.32142857142857145,Expected loss,-0.32142857142857145,Loss
2026-580|50,2026-01-20,2026,2026-580,Australian Open,Grand Slam,Hard,O,R128,5,6-2 6-3 6-2,98.0,completed,Q02L,Ethan Quinn,80.0,,,GJ37,Tallon Griekspoor,NED,26.0,23,W,1,5.0,2.0,59.0,39.0,29.0,16.0,0.0,0.0,2.0,8.0,15.0,-54.0,1,0,0.6610169491525424,0.7435897435897436,0.8,0.0,15.0,7.0,0.4666666666666667,0.0847457627118644,0.03389830508474576,3,3,0,0,0,0,True,False,False,True,False,False,3,0,0,,1,0,0,0,0.24528301886792453,Expected loss,0.7547169811320755,Upset win
2026-580|51,2026-01-20,2026,2026-580,Australian Open,Grand Slam,Hard,O,R128,5,6-4 2-6 6-1 6-2,161.0,completed,S0JA,Eliot Spizzirri,85.0,,,F0FV,Joao Fonseca,BRA,32.0,28,W,1,14.0,2.0,97.0,65.0,53.0,16.0,0.0,7.0,9.0,8.0,13.0,-53.0,1,0,0.6701030927835051,0.8153846153846154,0.5,0.7777777777777778,13.0,5.0,0.38461538461538464,0.14432989690721648,0.020618556701030927,4,3,1,0,0,0,True,False,False,True,False,False,3,1,0,,0,0,0,0,0.27350427350427353,Expected loss,0.7264957264957265,Upset win
2026-580|53,2026-01-20,2026,2026-580,Australian Open,Grand Slam,Hard,O,R128,5,4-6 7-6(7) 6-7(3) 6-2 6-3,251.0,completed,B0NN,Nishesh Basavareddy,242.0,,,O483,Christopher O'Connell,AUS,118.0,,W,1,17.0,5.0,148.0,85.0,64.0,40.0,0.0,1.0,4.0,8.0,13.0,-124.0,1,0,0.5743243243243243,0.7529411764705882,0.6349206349206349,0.25,13.0,5.0,0.38461538461538464,0.11486486486486487,0.033783783783783786,5,3,2,2,1,1,False,False,False,True,True,True,3,2,1,0.5,0,1,1,1,0.3277777777777778,Expected loss,0.6722222222222223,Upset win
2026-580|59,2026-01-20,2026,2026-580,Australian Open,Grand Slam,Hard,O,R128,5,7-6(5) 5-7 6-1 6-3,182.0,completed,FB98,Taylor Fritz,9.0,9.0,,R0EB,Valentin Royer,FRA,58.0,,W,1,24.0,3.0,110.0,76.0,62.0,18.0,0.0,4.0,7.0,15.0,21.0,49.0,0,0,0.6909090909090909,0.8157894736842105,0.5294117647058824,0.5714285714285714,21.0,6.0,0.2857142857142857,0.21818181818181817,0.02727272727272727,4,3,1,1,1,0,True,False,False,True,False,False,3,1,1,1.0,0,0,0,0,0.8656716417910447,Expected win,0.13432835820895528,Win
2026-580|66,2026-01-21,2026,2026-580,Australian Open,Grand Slam,Hard,O,R64,5,6-3 6-4 6-2,124.0,completed,PL56,Tommy Paul,20.0,19.0,,T0A1,Thiago Agustin Tirante,ARG,103.0,,W,1,4.0,1.0,82.0,47.0,37.0,23.0,0.0,4.0,4.0,6.0,10.0,83.0,0,0,0.573170731707317,0.7872340425531915,0.6571428571428571,1.0,10.0,4.0,0.4,0.04878048780487805,0.012195121951219513,3,3,0,0,0,0,True,False,False,True,False,False,3,0,0,,1,0,0,0,0.8373983739837398,Expected win,0.16260162601626016,Win
2026-580|73,2026-01-21,2026,2026-580,Australian Open,Grand Slam,Hard,O,R64,5,6-3 7-6(3) 5-7 4-6 6-4,230.0,completed,O522,Reilly Opelka,63.0,,,DH50,Alejandro Davidovich Fokina,ESP,14.0,14.0,L,0,37.0,12.0,161.0,108.0,81.0,30.0,0.0,9.0,11.0,9.0,11.0,-49.0,0,0,0.6708074534161491,0.75,0.5660377358490566,0.8181818181818182,11.0,2.0,0.18181818181818182,0.22981366459627328,0.07453416149068323,5,3,2,1,1,0,True,False,False,True,True,True,2,3,0,0.0,0,0,0,0,0.18181818181818182,Expected loss,-0.18181818181818182,Loss
2026-580|74,2026-01-21,2026,2026-580,Australian Open,Grand Slam,Hard,O,R64,5,6-2 5-7 6-1 6-0,124.0,completed,T0HA,Learner Tien,29.0,25.0,,S0H2,Alexander Shevchenko,KAZ,97.0,,W,1,9.0,2.0,92.0,55.0,45.0,19.0,0.0,2.0,4.0,4.0,13.0,68.0,0,0,0.5978260869565217,0.8181818181818182,0.5135135135135135,0.5,13.0,9.0,0.6923076923076923,0.09782608695652174,0.021739130434782608,4,3,1,0,0,0,True,False,False,True,False,False,3,1,0,,0,0,0,0,0.7698412698412699,Expected win,0.23015873015873012,Win
2026-580|75,2026-01-21,2026,2026-580,Australian Open,Grand Slam,Hard,O,R64,5,3-6 6-1 6-3 2-0 RET,121.0,completed,Z0BZ,Michael Zheng,174.0,,,MW02,Corentin Moutet,FRA,37.0,32.0,L,0,3.0,1.0,84.0,62.0,37.0,6.0,0.0,0.0,7.0,4.0,7.0,-137.0,0,0,0.7380952380952381,0.5967741935483871,0.2727272727272727,0.0,7.0,3.0,0.42857142857142855,0.03571428571428571,0.011904761904761904,4,3,1,0,0,0,False,True,False,True,False,False,1,3,0,,0,0,0,0,0.17535545023696683,Expected loss,-0.17535545023696683,Loss
2026-580|79,2026-01-21,2026,2026-580,Australian Open,Grand Slam,Hard,O,R64,5,6-1 7-6(3) 4-6 7-6(5),200.0,completed,N0AM,Emilio Nava,89.0,,,N771,Cameron Norrie,GBR,27.0,26.0,L,0,19.0,5.0,148.0,105.0,69.0,22.0,0.0,15.0,19.0,7.0,10.0,-62.0,0,0,0.7094594594594594,0.6571428571428571,0.5116279069767442,0.7894736842105263,10.0,3.0,0.3,0.12837837837837837,0.033783783783783786,4,3,1,2,2,0,True,False,False,True,False,False,1,3,0,0.0,0,0,0,0,0.23275862068965517,Expected loss,-0.23275862068965517,Loss
2026-580|80,2026-01-21,2026,2026-580,Australian Open,Grand Slam,Hard,O,R64,5,6-4 6-3 4-6 6-2,185.0,completed,TD51,Frances Tiafoe,34.0,29.0,,C0DF,Francisco Comesana,ARG,68.0,,W,1,7.0,1.0,108.0,61.0,52.0,25.0,0.0,4.0,5.0,12.0,17.0,34.0,0,0,0.5648148148148148,0.8524590163934426,0.5319148936170213,0.8,17.0,5.0,0.29411764705882354,0.06481481481481481,0.009259259259259259,4,3,1,0,0,0,True,False,False,True,False,False,3,1,0,,0,0,0,0,0.6666666666666666,Expected win,0.33333333333333337,Win
2026-580|81,2026-01-22,2026,2026-580,Australian Open,Grand Slam,Hard,O,R64,5,6-1 6-4 6-3,118.0,completed,B0NN,Nishesh Basavareddy,242.0,,,KE29,Karen Khachanov,RUS,18.0,15.0,L,0,10.0,3.0,93.0,45.0,32.0,17.0,0.0,7.0,12.0,4.0,4.0,-224.0,0,0,0.4838709677419355,0.7111111111111111,0.3541666666666667,0.5833333333333334,4.0,0.0,0.0,0.10752688172043011,0.03225806451612903,3,3,0,0,0,0,True,False,False,True,False,False,0,3,0,,0,0,0,0,0.06923076923076923,Expected loss,-0.06923076923076923,Loss
2026-580|85,2026-01-22,2026,2026-580,Australian Open,Grand Slam,Hard,O,R64,5,6-3 6-2 6-2,104.0,completed,S0S1,Ben Shelton,7.0,8.0,,S0IA,Dane Sweeny,AUS,182.0,,W,1,19.0,2.0,64.0,44.0,39.0,14.0,0.0,0.0,0.0,7.0,12.0,175.0,0,0,0.6875,0.8863636363636364,0.7,,12.0,5.0,0.4166666666666667,0.296875,0.03125,3,3,0,0,0,0,True,False,False,True,False,False,3,0,0,,1,0,0,0,0.9629629629629629,Expected win,0.03703703703703709,Win
2026-580|88,2026-01-22,2026,2026-580,Australian Open,Grand Slam,Hard,O,R64,5,6-4 7-6(5) 6-1,136.0,completed,Q02L,Ethan Quinn,80.0,,,HB71,Hubert Hurkacz,POL,55.0,,W,1,12.0,2.0,108.0,72.0,56.0,21.0,0.0,8.0,8.0,4.0,7.0,-25.0,1,0,0.6666666666666666,0.7777777777777778,0.5833333333333334,1.0,7.0,3.0,0.42857142857142855,0.1111111111111111,0.018518518518518517,3,3,0,1,1,0,True,False,False,True,False,False,3,0,1,1.0,1,0,0,0,0.4074074074074074,Toss-up,0.5925925925925926,Win
2026-580|89,2026-01-22,2026,2026-580,Australian Open,Grand Slam,Hard,O,R64,5,6-2 6-4 6-7(4) 4-6 6-3,225.0,completed,S0JA,Eliot Spizzirri,85.0,,,WB32,Yibing Wu,CHN,168.0,,W,1,8.0,4.0,170.0,121.0,83.0,26.0,0.0,11.0,14.0,9.0,15.0,83.0,0,0,0.711764705882353,0.6859504132231405,0.5306122448979592,0.7857142857142857,15.0,6.0,0.4,0.047058823529411764,0.023529411764705882,5,3,2,1,0,1,True,False,False,True,True,True,3,2,0,0.0,0,1,1,0,0.6640316205533597,Expected win,0.33596837944664026,Win
2026-580|95,2026-01-22,2026,2026-580,Australian Open,Grand Slam,Hard,O,R64,5,6-1 6-4 7-6(4),119.0,completed,FB98,Taylor Fritz,9.0,9.0,,KI82,Vit Kopriva,CZE,101.0,,W,1,15.0,1.0,88.0,70.0,56.0,11.0,0.0,2.0,3.0,3.0,7.0,92.0,0,0,0.7954545454545454,0.8,0.6111111111111112,0.6666666666666666,7.0,4.0,0.5714285714285714,0.17045454545454544,0.011363636363636364,3,3,0,1,1,0,True,False,False,True,False,False,3,0,1,1.0,1,0,0,0,0.9181818181818182,Expected win,0.08181818181818179,Win
2026-580|102,2026-01-23,2026,2026-580,Australian Open,Grand Slam,Hard,O,R32,5,6-3 6-4 7-5,163.0,completed,TD51,Frances Tiafoe,34.0,29,,DH58,Alex de Minaur,AUS,6.0,6.0,L,0,6.0,1.0,101.0,60.0,35.0,22.0,0.0,7.0,12.0,3.0,5.0,-28.0,0,0,0.594059405940594,0.5833333333333334,0.5365853658536586,0.5833333333333334,5.0,2.0,0.4,0.0594059405940594,0.009900990099009901,3,3,0,0,0,0,True,False,False,True,False,False,0,3,0,,0,0,0,0,0.15,Expected loss,-0.15,Loss
2026-580|97,2026-01-23,2026,2026-580,Australian Open,Grand Slam,Hard,O,R32,5,7-6(9) 6-4 6-2,127.0,completed,T0HA,Learner Tien,29.0,25.0,,BT72,Nuno Borges,POR,46.0,,W,1,8.0,5.0,101.0,72.0,52.0,15.0,0.0,4.0,6.0,3.0,8.0,17.0,0,0,0.7128712871287128,0.7222222222222222,0.5172413793103449,0.6666666666666666,8.0,5.0,0.625,0.07920792079207921,0.04950495049504951,3,3,0,1,1,0,True,False,False,True,False,False,3,0,1,1.0,1,0,0,0,0.6133333333333333,Toss-up,0.3866666666666667,Win
2026-580|99,2026-01-23,2026,2026-580,Australian Open,Grand Slam,Hard,O,R32,5,6-1 6-1 RET,55.0,completed,PL56,Tommy Paul,20.0,19.0,,DH50,Alejandro Davidovich Fokina,ESP,14.0,14,W,1,3.0,0.0,32.0,21.0,19.0,9.0,0.0,0.0,0.0,3.0,8.0,-6.0,1,0,0.65625,0.9047619047619048,0.8181818181818182,,8.0,5.0,0.625,0.09375,0.0,2,2,0,0,0,0,True,True,False,True,False,False,2,0,0,,1,0,0,0,0.4117647058823529,Toss-up,0.5882352941176471,Win
2026-580|107,2026-01-24,2026,2026-580,Australian Open,Grand Slam,Hard,O,R32,5,4-6 6-3 6-4 6-4,222.0,completed,S0JA,Eliot Spizzirri,85.0,,,S0AG,Jannik Sinner,ITA,2.0,2.0,L,0,6.0,3.0,108.0,70.0,46.0,17.0,11.0,3.0,11.0,10.0,16.0,-83.0,0,0,0.6481481481481481,0.6571428571428571,0.4473684210526316,0.2727272727272727,16.0,6.0,0.375,0.05555555555555555,0.027777777777777776,4,3,1,0,0,0,False,False,False,True,False,False,1,3,0,,0,0,0,0,0.022988505747126436,Expected loss,-0.022988505747126436,Loss
2026-580|108,2026-01-24,2026,2026-580,Australian Open,Grand Slam,Hard,O,R32,5,6-4 6-4 7-6(5),138.0,completed,S0S1,Ben Shelton,7.0,8.0,,VA25,Valentin Vacherot,MON,31.0,30,W,1,15.0,1.0,96.0,63.0,50.0,22.0,0.0,1.0,1.0,2.0,4.0,24.0,0,0,0.65625,0.7936507936507936,0.6666666666666666,1.0,4.0,2.0,0.5,0.15625,0.010416666666666666,3,3,0,1,1,0,True,False,False,True,False,False,3,0,1,1.0,1,0,0,0,0.8157894736842105,Expected win,0.1842105263157895,Win
2026-580|109,2026-01-24,2026,2026-580,Australian Open,Grand Slam,Hard,O,R32,5,7-6(5) 2-6 6-4 6-4,165.0,completed,FB98,Taylor Fritz,9.0,9.0,,W367,Stan Wawrinka,SUI,139.0,,W,1,30.0,1.0,120.0,84.0,71.0,18.0,0.0,5.0,7.0,5.0,7.0,130.0,0,0,0.7,0.8452380952380952,0.5,0.7142857142857143,7.0,2.0,0.2857142857142857,0.25,0.008333333333333333,4,3,1,1,1,0,True,False,False,True,False,False,3,1,1,1.0,0,0,0,0,0.9391891891891891,Expected win,0.060810810810810856,Win
2026-580|111,2026-01-24,2026,2026-580,Australian Open,Grand Slam,Hard,O,R32,5,6-2 7-6(5) 7-6(5),154.0,completed,Q02L,Ethan Quinn,80.0,,,M0NI,Jakub Mensik,CZE,17.0,16.0,L,0,9.0,7.0,107.0,57.0,39.0,23.0,0.0,5.0,10.0,3.0,6.0,-63.0,0,0,0.5327102803738317,0.6842105263157895,0.46,0.5,6.0,3.0,0.5,0.08411214953271028,0.06542056074766354,3,3,0,2,2,0,True,False,False,True,False,False,0,3,0,0.0,0,0,0,0,0.17525773195876287,Expected loss,-0.17525773195876287,Loss
2026-580|113,2026-01-25,2026,2026-580,Australian Open,Grand Slam,Hard,O,R16,5,7-6(6) 6-4 7-5,158.0,completed,PL56,Tommy Paul,20.0,19,,A0E2,Carlos Alcaraz,ESP,1.0,1.0,L,0,7.0,5.0,106.0,60.0,50.0,23.0,14.0,7.0,9.0,1.0,2.0,-19.0,0,0,0.5660377358490566,0.8333333333333334,0.5,0.7777777777777778,2.0,1.0,0.5,0.0660377358490566,0.04716981132075472,3,3,0,1,1,0,True,False,False,True,False,False,0,3,0,0.0,0,0,0,0,0.047619047619047616,Expected loss,-0.047619047619047616,Loss
2026-580|116,2026-01-25,2026,2026-580,Australian Open,Grand Slam,Hard,O,R16,5,6-4 6-0 6-3,100.0,completed,T0HA,Learner Tien,29.0,25.0,,MM58,Daniil Medvedev,RUS,12.0,11,W,1,5.0,1.0,68.0,45.0,32.0,15.0,0.0,0.0,1.0,3.0,10.0,-17.0,1,0,0.6617647058823529,0.7111111111111111,0.6521739130434783,0.0,10.0,7.0,0.7,0.07352941176470588,0.014705882352941176,3,3,0,0,0,0,True,False,False,True,False,False,3,0,0,,1,0,0,0,0.2926829268292683,Expected loss,0.7073170731707317,Upset win
2026-580|117,2026-01-26,2026,2026-580,Australian Open,Grand Slam,Hard,O,R16,5,6-2 7-5 6-4,124.0,completed,FB98,Taylor Fritz,9.0,9,,M0EJ,Lorenzo Musetti,ITA,5.0,5.0,L,0,10.0,1.0,84.0,50.0,32.0,19.0,0.0,5.0,9.0,2.0,2.0,-4.0,0,0,0.5952380952380952,0.64,0.5588235294117647,0.5555555555555556,2.0,0.0,0.0,0.11904761904761904,0.011904761904761904,3,3,0,0,0,0,True,False,False,True,False,False,0,3,0,,0,0,0,0,0.35714285714285715,Toss-up,-0.35714285714285715,Loss
2026-580|120,2026-01-26,2026,2026-580,Australian Open,Grand Slam,Hard,O,R16,5,3-6 6-4 6-3 6-4,156.0,completed,S0S1,Ben Shelton,7.0,8.0,,RH16,Casper Ruud,NOR,13.0,12,W,1,14.0,4.0,96.0,63.0,52.0,24.0,0.0,2.0,3.0,8.0,11.0,6.0,0,0,0.65625,0.8253968253968254,0.7272727272727273,0.6666666666666666,11.0,3.0,0.2727272727272727,0.14583333333333334,0.041666666666666664,4,3,1,0,0,0,False,False,False,True,False,False,3,1,0,,0,0,0,1,0.65,Expected win,0.35,Win
2026-580|121,2026-01-27,2026,2026-580,Australian Open,Grand Slam,Hard,O,QF,5,6-3 6-7(5) 6-1 7-6(3),193.0,completed,T0HA,Learner Tien,29.0,25,,Z355,Alexander Zverev,GER,3.0,3.0,L,0,11.0,9.0,133.0,92.0,63.0,19.0,0.0,4.0,7.0,3.0,3.0,-26.0,0,0,0.6917293233082706,0.6847826086956522,0.4634146341463415,0.5714285714285714,3.0,0.0,0.0,0.08270676691729323,0.06766917293233082,4,3,1,2,1,1,True,False,False,True,False,False,1,3,1,0.5,0,0,0,0,0.09375,Expected loss,-0.09375,Loss
2026-580|124,2026-01-28,2026,2026-580,Australian Open,Grand Slam,Hard,O,QF,5,6-3 6-4 6-4,145.0,completed,S0S1,Ben Shelton,7.0,8,,S0AG,Jannik Sinner,ITA,2.0,2.0,L,0,8.0,3.0,102.0,78.0,51.0,10.0,0.0,9.0,12.0,4.0,4.0,-5.0,0,0,0.7647058823529411,0.6538461538461539,0.4166666666666667,0.75,4.0,0.0,0.0,0.0784313725490196,0.029411764705882353,3,3,0,0,0,0,True,False,False,True,False,False,0,3,0,,0,0,0,0,0.2222222222222222,Expected loss,-0.2222222222222222,Loss
2026-404|1,2026-03-04,2026,2026-404,Indian Wells Masters,Masters 1000,Hard,O,R128,3,7-6(5) 6-3,110.0,completed,D0DT,Martin Damm,129.0,,,U182,Camilo Ugo Carabelli,ARG,67.0,,L,0,9.0,2.0,70.0,43.0,31.0,16.0,10.0,4.0,5.0,5.0,5.0,-62.0,0,0,0.6142857142857143,0.7209302325581395,0.5925925925925926,0.8,5.0,0.0,0.0,0.12857142857142856,0.02857142857142857,2,2,0,1,1,0,True,False,False,True,False,False,0,2,0,0.0,0,0,0,0,0.34183673469387754,Expected loss,-0.34183673469387754,Loss
2026-404|3,2026-03-04,2026,2026-404,Indian Wells Masters,Masters 1000,Hard,O,R128,3,7-5 7-6(3),101.0,completed,Q02L,Ethan Quinn,73.0,,,O522,Reilly Opelka,USA,68.0,,L,0,5.0,3.0,85.0,53.0,38.0,14.0,12.0,5.0,7.0,4.0,5.0,-5.0,0,0,0.6235294117647059,0.7169811320754716,0.4375,0.7142857142857143,5.0,1.0,0.2,0.058823529411764705,0.03529411764705882,2,2,0,1,1,0,True,False,False,True,False,False,0,2,0,0.0,0,0,0,0,0.48226950354609927,Toss-up,-0.48226950354609927,Loss
2026-404|3,2026-03-04,2026,2026-404,Indian Wells Masters,Masters 1000,Hard,O,R128,3,7-5 7-6(3),101.0,completed,O522,Reilly Opelka,68.0,,,Q02L,Ethan Quinn,USA,73.0,,W,1,17.0,6.0,67.0,46.0,39.0,13.0,12.0,4.0,5.0,5.0,7.0,5.0,0,0,0.6865671641791045,0.8478260869565217,0.6190476190476191,0.8,7.0,2.0,0.2857142857142857,0.2537313432835821,0.08955223880597014,2,2,0,1,1,0,True,False,False,True,False,False,2,0,1,1.0,1,0,0,0,0.5177304964539007,Toss-up,0.4822695035460993,Win
2026-404|5,2026-03-04,2026,2026-404,Indian Wells Masters,Masters 1000,Hard,O,R128,3,4-6 7-5 6-3,140.0,completed,GC88,Marcos Giron,69.0,,,N0BS,Mariano Navone,ARG,79.0,,W,1,5.0,2.0,86.0,61.0,44.0,13.0,15.0,3.0,6.0,6.0,11.0,10.0,0,0,0.7093023255813954,0.7213114754098361,0.52,0.5,11.0,5.0,0.45454545454545453,0.05813953488372093,0.023255813953488372,3,2,1,0,0,0,False,False,False,True,True,False,2,1,0,,0,1,0,1,0.5337837837837838,Toss-up,0.46621621621621623,Win
2026-404|15,2026-03-05,2026,2026-404,Indian Wells Masters,Masters 1000,Hard,O,R128,3,7-6(5) 6-4,106.0,completed,S0K7,Zachary Svajda,99.0,,,C977,Marin Cilic,CRO,51.0,,W,1,5.0,1.0,78.0,47.0,40.0,15.0,11.0,5.0,6.0,3.0,5.0,-48.0,1,0,0.6025641025641025,0.851063829787234,0.4838709677419355,0.8333333333333334,5.0,2.0,0.4,0.0641025641025641,0.01282051282051282,2,2,0,1,1,0,True,False,False,True,False,False,2,0,1,1.0,1,0,0,0,0.34,Expected loss,0.6599999999999999,Upset win
2026-404|19,2026-03-05,2026,2026-404,Indian Wells Masters,Masters 1000,Hard,O,R128,3,7-6(6) 7-6(4),111.0,completed,K0AZ,Aleksandar Kovacevic,72.0,,,HB71,Hubert Hurkacz,POL,71.0,,W,1,9.0,4.0,82.0,56.0,44.0,15.0,12.0,2.0,3.0,2.0,3.0,-1.0,1,0,0.6829268292682927,0.7857142857142857,0.5769230769230769,0.6666666666666666,3.0,1.0,0.3333333333333333,0.10975609756097561,0.04878048780487805,2,2,0,2,2,0,True,False,False,True,False,False,2,0,2,1.0,1,0,0,0,0.4965034965034965,Toss-up,0.5034965034965035,Win
2026-404|7,2026-03-05,2026,2026-404,Indian Wells Masters,Masters 1000,Hard,O,R128,3,6-3 6-4,91.0,completed,B0CD,Jenson Brooksby,41.0,,,P09Z,Alexei Popyrin,AUS,45.0,,W,1,2.0,1.0,62.0,47.0,34.0,11.0,10.0,2.0,2.0,3.0,5.0,4.0,0,0,0.7580645161290323,0.723404255319149,0.7333333333333333,1.0,5.0,2.0,0.4,0.03225806451612903,0.016129032258064516,2,2,0,0,0,0,True,False,False,True,False,False,2,0,0,,1,0,0,0,0.5232558139534884,Toss-up,0.4767441860465116,Win
2026-404|25,2026-03-06,2026,2026-404,Indian Wells Masters,Masters 1000,Hard,O,R128,3,6-3 6-4,69.0,completed,M0QI,Alex Michelsen,44.0,,,M0N7,Daniel Merida,ESP,139.0,,W,1,6.0,1.0,55.0,41.0,32.0,9.0,10.0,0.0,1.0,1.0,4.0,95.0,0,0,0.7454545454545455,0.7804878048780488,0.6428571428571429,0.0,4.0,3.0,0.75,0.10909090909090909,0.01818181818181818,2,2,0,0,0,0,True,False,False,True,False,False,2,0,0,,1,0,0,0,0.7595628415300546,Expected win,0.2404371584699454,Win
2026-404|26,2026-03-06,2026,2026-404,Indian Wells Masters,Masters 1000,Hard,O,R128,3,7-6(1) 7-5,129.0,completed,Z0BZ,Michael Zheng,145.0,,,KI82,Vit Kopriva,CZE,62.0,,L,0,1.0,2.0,99.0,65.0,37.0,12.0,12.0,5.0,10.0,4.0,8.0,-83.0,0,0,0.6565656565656566,0.5692307692307692,0.35294117647058826,0.5,8.0,4.0,0.5,0.010101010101010102,0.020202020202020204,2,2,0,1,1,0,True,False,False,True,False,False,0,2,0,0.0,0,0,0,0,0.2995169082125604,Expected loss,-0.2995169082125604,Loss
2026-404|27,2026-03-06,2026,2026-404,Indian Wells Masters,Masters 1000,Hard,O,R128,3,7-6(9) 7-5,110.0,completed,N0AM,Emilio Nava,75.0,,,BT72,Nuno Borges,POR,49.0,,L,0,12.0,3.0,94.0,61.0,43.0,18.0,12.0,9.0,10.0,5.0,5.0,-26.0,0,0,0.648936170212766,0.7049180327868853,0.5454545454545454,0.9,5.0,0.0,0.0,0.1276595744680851,0.031914893617021274,2,2,0,1,1,0,True,False,False,True,False,False,0,2,0,0.0,0,0,0,0,0.3951612903225806,Toss-up,-0.3951612903225806,Loss
2026-404|30,2026-03-06,2026,2026-404,Indian Wells Masters,Masters 1000,Hard,O,R128,3,7-5 6-0,78.0,completed,K0AH,Sebastian Korda,37.0,,,C0DF,Francisco Comesana,ARG,82.0,,W,1,0.0,2.0,49.0,29.0,22.0,7.0,9.0,1.0,4.0,4.0,11.0,45.0,0,0,0.5918367346938775,0.7586206896551724,0.35,0.25,11.0,7.0,0.6363636363636364,0.0,0.04081632653061224,2,2,0,0,0,0,True,False,False,True,False,False,2,0,0,,1,0,0,0,0.6890756302521008,Expected win,0.31092436974789917,Win
2026-404|31,2026-03-06,2026,2026-404,Indian Wells Masters,Masters 1000,Hard,O,R128,3,6-0 6-1,62.0,completed,MK66,Mackenzie McDonald,126.0,,,A0FC,Matteo Arnaldi,ITA,85.0,,W,1,2.0,0.0,51.0,27.0,18.0,16.0,7.0,5.0,5.0,2.0,7.0,-41.0,1,0,0.5294117647058824,0.6666666666666666,0.6666666666666666,1.0,7.0,5.0,0.7142857142857143,0.0392156862745098,0.0,2,2,0,0,0,0,True,False,False,True,False,False,2,0,0,,1,0,0,0,0.4028436018957346,Toss-up,0.5971563981042654,Win
2026-404|33,2026-03-06,2026,2026-404,Indian Wells Masters,Masters 1000,Hard,O,R64,3,7-6(3) 7-6(8),104.0,completed,T0HA,Learner Tien,27.0,25.0,,W09E,Adam Walton,AUS,91.0,,W,1,9.0,4.0,82.0,46.0,36.0,23.0,12.0,2.0,3.0,4.0,5.0,64.0,0,0,0.5609756097560976,0.782608695652174,0.6388888888888888,0.6666666666666666,5.0,1.0,0.2,0.10975609756097561,0.04878048780487805,2,2,0,2,2,0,True,False,False,True,False,False,2,0,2,1.0,1,0,0,0,0.7711864406779662,Expected win,0.22881355932203384,Win
2026-404|38,2026-03-07,2026,2026-404,Indian Wells Masters,Masters 1000,Hard,O,R64,3,6-7(3) 7-6(4) 6-3,132.0,completed,S0S1,Ben Shelton,8.0,8.0,,O522,Reilly Opelka,USA,68.0,,W,1,11.0,6.0,98.0,60.0,52.0,26.0,17.0,0.0,0.0,2.0,3.0,60.0,0,0,0.6122448979591837,0.8666666666666667,0.6842105263157895,,3.0,1.0,0.3333333333333333,0.11224489795918367,0.061224489795918366,3,2,1,2,1,1,False,False,False,True,True,False,2,1,1,0.5,0,1,0,1,0.8947368421052632,Expected win,0.10526315789473684,Win
2026-404|38,2026-03-07,2026,2026-404,Indian Wells Masters,Masters 1000,Hard,O,R64,3,6-7(3) 7-6(4) 6-3,132.0,completed,O522,Reilly Opelka,68.0,,,S0S1,Ben Shelton,USA,8.0,8.0,L,0,23.0,5.0,103.0,70.0,54.0,20.0,16.0,2.0,3.0,0.0,0.0,-60.0,0,0,0.6796116504854369,0.7714285714285715,0.6060606060606061,0.6666666666666666,0.0,0.0,,0.22330097087378642,0.04854368932038835,3,2,1,2,1,1,False,False,False,True,True,False,1,2,1,0.5,0,0,0,0,0.10526315789473684,Expected loss,-0.10526315789473684,Loss
2026-404|39,2026-03-07,2026,2026-404,Indian Wells Masters,Masters 1000,Hard,O,R64,3,6-4 6-2,83.0,completed,TD51,Frances Tiafoe,22.0,21.0,,B0CD,Jenson Brooksby,USA,41.0,,W,1,6.0,1.0,53.0,30.0,27.0,11.0,9.0,2.0,3.0,3.0,7.0,19.0,0,0,0.5660377358490566,0.9,0.4782608695652174,0.6666666666666666,7.0,4.0,0.5714285714285714,0.11320754716981132,0.018867924528301886,2,2,0,0,0,0,True,False,False,True,False,False,2,0,0,,1,0,0,0,0.6507936507936508,Expected win,0.3492063492063492,Win
2026-404|39,2026-03-07,2026,2026-404,Indian Wells Masters,Masters 1000,Hard,O,R64,3,6-4 6-2,83.0,completed,B0CD,Jenson Brooksby,41.0,,,TD51,Frances Tiafoe,USA,22.0,21.0,L,0,6.0,1.0,60.0,36.0,26.0,6.0,9.0,3.0,7.0,2.0,3.0,-19.0,0,0,0.6,0.7222222222222222,0.25,0.42857142857142855,3.0,1.0,0.3333333333333333,0.1,0.016666666666666666,2,2,0,0,0,0,True,False,False,True,False,False,0,2,0,,0,0,0,0,0.3492063492063492,Expected loss,-0.3492063492063492,Loss
2026-404|40,2026-03-07,2026,2026-404,Indian Wells Masters,Masters 1000,Hard,O,R64,3,6-3 6-4,73.0,completed,N0AE,Brandon Nakashima,30.0,28.0,,U182,Camilo Ugo Carabelli,ARG,67.0,,W,1,13.0,0.0,49.0,38.0,33.0,7.0,10.0,0.0,0.0,5.0,7.0,37.0,0,0,0.7755102040816326,0.868421052631579,0.6363636363636364,,7.0,2.0,0.2857142857142857,0.2653061224489796,0.0,2,2,0,0,0,0,True,False,False,True,False,False,2,0,0,,1,0,0,0,0.6907216494845361,Expected win,0.30927835051546393,Win
2026-404|42,2026-03-07,2026,2026-404,Indian Wells Masters,Masters 1000,Hard,O,R64,3,7-6(0) 6-2,79.0,completed,S0K7,Zachary Svajda,99.0,,,DH50,Alejandro Davidovich Fokina,ESP,19.0,18.0,L,0,10.0,3.0,58.0,37.0,23.0,9.0,10.0,4.0,8.0,5.0,7.0,-80.0,0,0,0.6379310344827587,0.6216216216216216,0.42857142857142855,0.5,7.0,2.0,0.2857142857142857,0.1724137931034483,0.05172413793103448,2,2,0,1,1,0,True,False,False,True,False,False,0,2,0,0.0,0,0,0,0,0.16101694915254236,Expected loss,-0.16101694915254236,Loss
2026-404|44,2026-03-07,2026,2026-404,Indian Wells Masters,Masters 1000,Hard,O,R64,3,7-5 7-6(4),104.0,completed,GC88,Marcos Giron,69.0,,,M0NI,Jakub Mensik,CZE,12.0,12.0,L,0,2.0,2.0,69.0,44.0,32.0,13.0,12.0,1.0,3.0,9.0,10.0,-57.0,0,0,0.6376811594202898,0.7272727272727273,0.52,0.3333333333333333,10.0,1.0,0.1,0.028985507246376812,0.028985507246376812,2,2,0,1,1,0,True,False,False,True,False,False,0,2,0,0.0,0,0,0,0,0.14814814814814814,Expected loss,-0.14814814814814814,Loss
2026-404|45,2026-03-07,2026,2026-404,Indian Wells Masters,Masters 1000,Hard,O,R64,3,6-1 6-2,68.0,completed,PL56,Tommy Paul,24.0,23.0,,BU13,Zizou Bergs,BEL,47.0,,W,1,1.0,1.0,39.0,22.0,17.0,13.0,7.0,3.0,3.0,4.0,9.0,23.0,0,0,0.5641025641025641,0.7727272727272727,0.7647058823529411,1.0,9.0,5.0,0.5555555555555556,0.02564102564102564,0.02564102564102564,2,2,0,0,0,0,True,False,False,True,False,False,2,0,0,,1,0,0,0,0.6619718309859155,Expected win,0.3380281690140845,Win
2026-404|53,2026-03-08,2026,2026-404,Indian Wells Masters,Masters 1000,Hard,O,R64,3,6-1 6-4,100.0,completed,K0AZ,Aleksandar Kovacevic,72.0,,,MW02,Corentin Moutet,FRA,33.0,31,W,1,2.0,0.0,69.0,42.0,30.0,14.0,9.0,3.0,3.0,3.0,6.0,-39.0,1,0,0.6086956521739131,0.7142857142857143,0.5185185185185185,1.0,6.0,3.0,0.5,0.028985507246376812,0.0,2,2,0,0,0,0,True,False,False,True,False,False,2,0,0,,1,0,0,0,0.3142857142857143,Expected loss,0.6857142857142857,Upset win
2026-404|58,2026-03-08,2026,2026-404,Indian Wells Masters,Masters 1000,Hard,O,R64,3,4-6 6-4 6-4,140.0,completed,K0AH,Sebastian Korda,37.0,,,DH58,Alex de Minaur,AUS,6.0,6.0,L,0,6.0,3.0,91.0,54.0,39.0,17.0,15.0,4.0,7.0,5.0,7.0,-31.0,0,0,0.5934065934065934,0.7222222222222222,0.4594594594594595,0.5714285714285714,7.0,2.0,0.2857142857142857,0.06593406593406594,0.03296703296703297,3,2,1,0,0,0,False,False,False,True,True,False,1,2,0,,0,0,0,0,0.13953488372093023,Expected loss,-0.13953488372093023,Loss
2026-404|59,2026-03-08,2026,2026-404,Indian Wells Masters,Masters 1000,Hard,O,R64,3,6-3 6-7(8) 6-1,133.0,completed,FB98,Taylor Fritz,7.0,7.0,,F0BY,Jacob Fearnley,GBR,87.0,,W,1,20.0,1.0,95.0,68.0,54.0,15.0,15.0,3.0,4.0,5.0,9.0,80.0,0,0,0.7157894736842105,0.7941176470588235,0.5555555555555556,0.75,9.0,4.0,0.4444444444444444,0.21052631578947367,0.010526315789473684,3,2,1,1,0,1,True,False,False,True,True,False,2,1,0,0.0,0,1,0,0,0.925531914893617,Expected win,0.07446808510638303,Win
2026-404|61,2026-03-08,2026,2026-404,Indian Wells Masters,Masters 1000,Hard,O,R64,3,6-2 6-3,81.0,completed,MK66,Mackenzie McDonald,126.0,,,N771,Cameron Norrie,GBR,29.0,27.0,L,0,2.0,2.0,61.0,39.0,23.0,7.0,8.0,3.0,7.0,5.0,6.0,-97.0,0,0,0.639344262295082,0.5897435897435898,0.3181818181818182,0.42857142857142855,6.0,1.0,0.16666666666666666,0.03278688524590164,0.03278688524590164,2,2,0,0,0,0,True,False,False,True,False,False,0,2,0,,0,0,0,0,0.1870967741935484,Expected loss,-0.1870967741935484,Loss
2026-404|62,2026-03-08,2026,2026-404,Indian Wells Masters,Masters 1000,Hard,O,R64,3,7-5 6-7(5) 7-6(6),166.0,completed,M0QI,Alex Michelsen,44.0,,,HH26,Ugo Humbert,FRA,34.0,32,W,1,6.0,3.0,117.0,76.0,59.0,24.0,18.0,2.0,3.0,4.0,6.0,-10.0,1,0,0.6495726495726496,0.7763157894736842,0.5853658536585366,0.6666666666666666,6.0,2.0,0.3333333333333333,0.05128205128205128,0.02564102564102564,3,2,1,2,1,1,True,False,False,True,True,False,2,1,1,0.5,0,1,0,0,0.4358974358974359,Toss-up,0.5641025641025641,Win
2026-404|65,2026-03-08,2026,2026-404,Indian Wells Masters,Masters 1000,Hard,O,R32,3,7-6(2) 5-7 6-4,151.0,completed,N0AE,Brandon Nakashima,30.0,28,,Z355,Alexander Zverev,GER,4.0,4.0,L,0,17.0,2.0,105.0,77.0,62.0,11.0,17.0,3.0,4.0,4.0,5.0,-26.0,0,0,0.7333333333333333,0.8051948051948052,0.39285714285714285,0.75,5.0,1.0,0.2,0.1619047619047619,0.01904761904761905,3,2,1,1,1,0,True,False,False,True,True,False,1,2,0,0.0,0,0,0,0,0.11764705882352941,Expected loss,-0.11764705882352941,Loss
2026-404|66,2026-03-08,2026,2026-404,Indian Wells Masters,Masters 1000,Hard,O,R32,3,7-6(3) 4-6 6-3,129.0,completed,S0S1,Ben Shelton,8.0,8,,T0HA,Learner Tien,USA,27.0,25.0,L,0,8.0,3.0,100.0,63.0,45.0,23.0,15.0,7.0,8.0,5.0,6.0,19.0,0,1,0.63,0.7142857142857143,0.6216216216216216,0.875,6.0,1.0,0.16666666666666666,0.08,0.03,3,2,1,1,1,0,True,False,False,True,True,False,1,2,0,0.0,0,0,0,0,0.7714285714285715,Expected win,-0.7714285714285715,Unexpected loss
2026-404|66,2026-03-08,2026,2026-404,Indian Wells Masters,Masters 1000,Hard,O,R32,3,7-6(3) 4-6 6-3,129.0,completed,T0HA,Learner Tien,27.0,25.0,,S0S1,Ben Shelton,USA,8.0,8,W,1,15.0,10.0,106.0,71.0,58.0,18.0,16.0,5.0,6.0,7.0,8.0,-19.0,1,0,0.6698113207547169,0.8169014084507042,0.5142857142857142,0.8333333333333334,8.0,1.0,0.125,0.14150943396226415,0.09433962264150944,3,2,1,1,1,0,True,False,False,True,True,False,2,1,1,1.0,0,1,0,0,0.22857142857142856,Expected loss,0.7714285714285715,Upset win
2026-404|69,2026-03-09,2026,2026-404,Indian Wells Masters,Masters 1000,Hard,O,R32,3,6-2 6-3,82.0,completed,PL56,Tommy Paul,24.0,23,,F0FV,Joao Fonseca,BRA,35.0,,L,0,2.0,2.0,58.0,39.0,23.0,6.0,8.0,6.0,10.0,0.0,1.0,11.0,0,1,0.6724137931034483,0.5897435897435898,0.3157894736842105,0.6,1.0,1.0,1.0,0.034482758620689655,0.034482758620689655,2,2,0,0,0,0,True,False,False,True,False,False,0,2,0,,0,0,0,0,0.5932203389830508,Toss-up,-0.5932203389830508,Loss
2026-404|71,2026-03-09,2026,2026-404,Indian Wells Masters,Masters 1000,Hard,O,R32,3,6-1 6-2,67.0,completed,TD51,Frances Tiafoe,22.0,21.0,,C0E9,Flavio Cobolli,ITA,15.0,15,W,1,7.0,1.0,56.0,33.0,27.0,12.0,8.0,5.0,5.0,5.0,9.0,-7.0,1,0,0.5892857142857143,0.8181818181818182,0.5217391304347826,1.0,9.0,4.0,0.4444444444444444,0.125,0.017857142857142856,2,2,0,0,0,0,True,False,False,True,False,False,2,0,0,,1,0,0,0,0.40540540540540543,Toss-up,0.5945945945945945,Win
2026-404|73,2026-03-09,2026,2026-404,Indian Wells Masters,Masters 1000,Hard,O,R32,3,6-4 1-6 6-4,122.0,completed,K0AZ,Aleksandar Kovacevic,72.0,,,D643,Novak Djokovic,SRB,3.0,3.0,L,0,16.0,1.0,96.0,54.0,42.0,20.0,14.0,4.0,6.0,2.0,4.0,-69.0,0,0,0.5625,0.7777777777777778,0.47619047619047616,0.6666666666666666,4.0,2.0,0.5,0.16666666666666666,0.010416666666666666,3,2,1,0,0,0,True,False,False,True,True,False,1,2,0,,0,0,0,0,0.04,Expected loss,-0.04,Loss
2026-404|77,2026-03-10,2026,2026-404,Indian Wells Masters,Masters 1000,Hard,O,R32,3,6-4 7-6(6),99.0,completed,M0QI,Alex Michelsen,44.0,,,FB98,Taylor Fritz,USA,7.0,7,W,1,9.0,1.0,78.0,55.0,40.0,13.0,11.0,7.0,8.0,7.0,9.0,-37.0,1,0,0.7051282051282052,0.7272727272727273,0.5652173913043478,0.875,9.0,2.0,0.2222222222222222,0.11538461538461539,0.01282051282051282,2,2,0,1,1,0,True,False,False,True,False,False,2,0,1,1.0,1,0,0,0,0.13725490196078433,Expected loss,0.8627450980392157,Upset win
2026-404|77,2026-03-10,2026,2026-404,Indian Wells Masters,Masters 1000,Hard,O,R32,3,6-4 7-6(6),99.0,completed,FB98,Taylor Fritz,7.0,7,,M0QI,Alex Michelsen,USA,44.0,,L,0,12.0,0.0,77.0,54.0,39.0,9.0,11.0,7.0,9.0,7.0,8.0,37.0,0,1,0.7012987012987013,0.7222222222222222,0.391304347826087,0.7777777777777778,8.0,1.0,0.125,0.15584415584415584,0.0,2,2,0,1,1,0,True,False,False,True,False,False,0,2,0,0.0,0,0,0,0,0.8627450980392157,Expected win,-0.8627450980392157,Unexpected loss
2026-404|82,2026-03-10,2026,2026-404,Indian Wells Masters,Masters 1000,Hard,O,R16,3,6-3 6-4,89.0,completed,TD51,Frances Tiafoe,22.0,21,,Z355,Alexander Zverev,GER,4.0,4.0,L,0,6.0,3.0,60.0,38.0,24.0,13.0,9.0,1.0,3.0,2.0,2.0,-18.0,0,0,0.6333333333333333,0.631578947368421,0.5909090909090909,0.3333333333333333,2.0,0.0,0.0,0.1,0.05,2,2,0,0,0,0,True,False,False,True,False,False,0,2,0,,0,0,0,0,0.15384615384615385,Expected loss,-0.15384615384615385,Loss
2026-404|83,2026-03-11,2026,2026-404,Indian Wells Masters,Masters 1000,Hard,O,R16,3,4-6 6-1 7-6(4),128.0,completed,T0HA,Learner Tien,27.0,25.0,,DH50,Alejandro Davidovich Fokina,ESP,19.0,18,W,1,10.0,4.0,114.0,69.0,50.0,23.0,15.0,4.0,5.0,0.0,2.0,-8.0,1,0,0.6052631578947368,0.7246376811594203,0.5111111111111111,0.8,2.0,2.0,1.0,0.08771929824561403,0.03508771929824561,3,2,1,1,1,0,False,False,False,True,True,False,2,1,1,1.0,0,1,0,1,0.41304347826086957,Toss-up,0.5869565217391304,Win
2026-404|85,2026-03-11,2026,2026-404,Indian Wells Masters,Masters 1000,Hard,O,R16,3,6-2 6-4,87.0,completed,M0QI,Alex Michelsen,44.0,,,MM58,Daniil Medvedev,RUS,11.0,11.0,L,0,1.0,1.0,59.0,39.0,21.0,9.0,9.0,6.0,10.0,4.0,5.0,-33.0,0,0,0.6610169491525424,0.5384615384615384,0.45,0.6,5.0,1.0,0.2,0.01694915254237288,0.01694915254237288,2,2,0,0,0,0,True,False,False,True,False,False,0,2,0,,0,0,0,0,0.2,Expected loss,-0.2,Loss
2026-404|90,2026-03-13,2026,2026-404,Indian Wells Masters,Masters 1000,Hard,O,QF,3,6-1 6-2,66.0,completed,T0HA,Learner Tien,27.0,25,,S0AG,Jannik Sinner,ITA,2.0,2.0,L,0,4.0,5.0,49.0,29.0,14.0,10.0,7.0,1.0,5.0,4.0,4.0,-25.0,0,0,0.5918367346938775,0.4827586206896552,0.5,0.2,4.0,0.0,0.0,0.08163265306122448,0.10204081632653061,2,2,0,0,0,0,True,False,False,True,False,False,0,2,0,,0,0,0,0,0.06896551724137931,Expected loss,-0.06896551724137931,Loss
2026-403|11,2026-03-19,2026,2026-403,Miami Masters,Masters 1000,Hard,O,R128,3,6-3 7-6(6),98.0,completed,GC88,Marcos Giron,70.0,,,L0IL,Martin Landaluce,ESP,151.0,,L,0,3.0,2.0,80.0,48.0,37.0,14.0,10.0,8.0,10.0,1.0,2.0,81.0,0,1,0.6,0.7708333333333334,0.4375,0.8,2.0,1.0,0.5,0.0375,0.025,2,2,0,1,1,0,True,False,False,True,False,False,0,2,0,0.0,0,0,0,0,0.6832579185520362,Expected win,-0.6832579185520362,Unexpected loss
2026-403|15,2026-03-19,2026,2026-403,Miami Masters,Masters 1000,Hard,O,R128,3,6-0 RET,23.0,completed,D0DT,Martin Damm,133.0,,,F0BY,Jacob Fearnley,GBR,83.0,,W,1,3.0,0.0,13.0,10.0,10.0,2.0,3.0,0.0,0.0,2.0,5.0,-50.0,1,0,0.7692307692307693,1.0,0.6666666666666666,,5.0,3.0,0.6,0.23076923076923078,0.0,1,1,0,0,0,0,True,True,False,True,False,False,1,0,0,,1,0,0,0,0.38425925925925924,Toss-up,0.6157407407407407,Win
2026-403|17,2026-03-19,2026,2026-403,Miami Masters,Masters 1000,Hard,O,R128,3,6-7(6) 6-2 7-6(5),121.0,completed,O522,Reilly Opelka,67.0,,,BT72,Nuno Borges,POR,50.0,,W,1,27.0,4.0,90.0,65.0,57.0,16.0,16.0,0.0,0.0,0.0,2.0,-17.0,1,0,0.7222222222222222,0.8769230769230769,0.64,,2.0,2.0,1.0,0.3,0.044444444444444446,3,2,1,2,1,1,False,False,False,True,True,False,2,1,1,0.5,0,1,0,1,0.42735042735042733,Toss-up,0.5726495726495726,Win
2026-403|4,2026-03-19,2026,2026-403,Miami Masters,Masters 1000,Hard,O,R128,3,7-5 6-2,88.0,completed,B0CD,Jenson Brooksby,42.0,,,BU13,Zizou Bergs,BEL,45.0,,L,0,3.0,3.0,71.0,52.0,31.0,6.0,10.0,4.0,9.0,1.0,3.0,3.0,0,1,0.7323943661971831,0.5961538461538461,0.3157894736842105,0.4444444444444444,3.0,2.0,0.6666666666666666,0.04225352112676056,0.04225352112676056,2,2,0,0,0,0,True,False,False,True,False,False,0,2,0,,0,0,0,0,0.5172413793103449,Toss-up,-0.5172413793103449,Loss
2026-403|5,2026-03-19,2026,2026-403,Miami Masters,Masters 1000,Hard,O,R128,3,5-7 6-4 6-4,137.0,completed,S0K7,Zachary Svajda,96.0,,,K0O4,Moise Kouame,FRA,385.0,,L,0,9.0,3.0,91.0,58.0,44.0,17.0,16.0,1.0,4.0,10.0,12.0,289.0,0,1,0.6373626373626373,0.7586206896551724,0.5151515151515151,0.25,12.0,2.0,0.16666666666666666,0.0989010989010989,0.03296703296703297,3,2,1,0,0,0,False,False,False,True,True,False,1,2,0,,0,0,0,0,0.8004158004158004,Expected win,-0.8004158004158004,Unexpected loss
2026-403|6,2026-03-19,2026,2026-403,Miami Masters,Masters 1000,Hard,O,R128,3,6-3 3-6 6-3,85.0,completed,B0NO,Darwin Blanch,272.0,,,SL28,Jan-Lennard Struff,GER,78.0,,W,1,9.0,1.0,76.0,50.0,41.0,13.0,14.0,2.0,4.0,7.0,10.0,-194.0,1,0,0.6578947368421053,0.82,0.5,0.5,10.0,3.0,0.3,0.11842105263157894,0.013157894736842105,3,2,1,0,0,0,True,False,False,True,True,False,2,1,0,,0,1,0,0,0.22285714285714286,Expected loss,0.7771428571428571,Upset win
2026-403|8,2026-03-19,2026,2026-403,Miami Masters,Masters 1000,Hard,O,R128,3,6-2 6-4,66.0,completed,Q02L,Ethan Quinn,56.0,,,HB71,Hubert Hurkacz,POL,75.0,,W,1,4.0,3.0,47.0,27.0,22.0,15.0,9.0,0.0,0.0,3.0,6.0,19.0,0,0,0.574468085106383,0.8148148148148148,0.75,,6.0,3.0,0.5,0.0851063829787234,0.06382978723404255,2,2,0,0,0,0,True,False,False,True,False,False,2,0,0,,1,0,0,0,0.5725190839694656,Toss-up,0.4274809160305344,Win
2026-403|20,2026-03-20,2026,2026-403,Miami Masters,Masters 1000,Hard,O,R128,3,6-2 6-1,65.0,completed,M0QI,Alex Michelsen,40.0,,,B0GG,Mattia Bellucci,ITA,77.0,,W,1,8.0,2.0,52.0,41.0,34.0,2.0,8.0,6.0,6.0,1.0,5.0,37.0,0,0,0.7884615384615384,0.8292682926829268,0.18181818181818182,1.0,5.0,4.0,0.8,0.15384615384615385,0.038461538461538464,2,2,0,0,0,0,True,False,False,True,False,False,2,0,0,,1,0,0,0,0.6581196581196581,Expected win,0.3418803418803419,Win
2026-403|22,2026-03-20,2026,2026-403,Miami Masters,Masters 1000,Hard,O,R128,3,2-6 6-4 6-1,91.0,completed,N0AM,Emilio Nava,74.0,,,M0FH,Tomas Machac,CZE,48.0,,L,0,4.0,3.0,80.0,52.0,33.0,16.0,13.0,5.0,9.0,0.0,2.0,-26.0,0,0,0.65,0.6346153846153846,0.5714285714285714,0.5555555555555556,2.0,2.0,1.0,0.05,0.0375,3,2,1,0,0,0,False,False,False,True,True,False,1,2,0,,0,0,0,0,0.39344262295081966,Toss-up,-0.39344262295081966,Loss
2026-403|26,2026-03-20,2026,2026-403,Miami Masters,Masters 1000,Hard,O,R128,3,6-4 3-6 7-6(7),179.0,completed,K0AZ,Aleksandar Kovacevic,92.0,,,S0UV,Rei Sakamoto,JPN,164.0,,L,0,21.0,2.0,88.0,69.0,56.0,9.0,16.0,1.0,2.0,0.0,1.0,72.0,0,1,0.7840909090909091,0.8115942028985508,0.47368421052631576,0.5,1.0,1.0,1.0,0.23863636363636365,0.022727272727272728,3,2,1,1,1,0,True,False,False,True,True,False,1,2,0,0.0,0,0,0,0,0.640625,Toss-up,-0.640625,Loss
2026-403|27,2026-03-20,2026,2026-403,Miami Masters,Masters 1000,Hard,O,R64,3,6-2 2-6 6-4,127.0,completed,PL56,Tommy Paul,23.0,22.0,,ME82,Adrian Mannarino,FRA,43.0,,W,1,6.0,2.0,67.0,41.0,31.0,15.0,13.0,0.0,3.0,3.0,7.0,20.0,0,0,0.6119402985074627,0.7560975609756098,0.5769230769230769,0.0,7.0,4.0,0.5714285714285714,0.08955223880597014,0.029850746268656716,3,2,1,0,0,0,True,False,False,True,True,False,2,1,0,,0,1,0,0,0.6515151515151515,Expected win,0.3484848484848485,Win
2026-403|28,2026-03-20,2026,2026-403,Miami Masters,Masters 1000,Hard,O,R64,3,6-4 7-6(7),111.0,completed,Q02L,Ethan Quinn,56.0,,,RH16,Casper Ruud,NOR,12.0,11,W,1,13.0,4.0,79.0,54.0,44.0,13.0,11.0,6.0,6.0,3.0,4.0,-44.0,1,0,0.6835443037974683,0.8148148148148148,0.52,1.0,4.0,1.0,0.25,0.16455696202531644,0.05063291139240506,2,2,0,1,1,0,True,False,False,True,False,False,2,0,1,1.0,1,0,0,0,0.17647058823529413,Expected loss,0.8235294117647058,Upset win
2026-403|31,2026-03-21,2026,2026-403,Miami Masters,Masters 1000,Hard,O,R64,3,6-3 6-7(2) 6-3,122.0,completed,FB98,Taylor Fritz,7.0,6.0,,V812,otic van de Zandschulp,NED,65.0,,W,1,18.0,2.0,90.0,58.0,48.0,19.0,16.0,2.0,2.0,5.0,7.0,58.0,0,0,0.6444444444444445,0.8275862068965517,0.59375,1.0,7.0,2.0,0.2857142857142857,0.2,0.022222222222222223,3,2,1,1,0,1,True,False,False,True,True,False,2,1,0,0.0,0,1,0,0,0.9027777777777778,Expected win,0.09722222222222221,Win
2026-403|34,2026-03-21,2026,2026-403,Miami Masters,Masters 1000,Hard,O,R64,3,7-6(3) 7-6(0),92.0,completed,O522,Reilly Opelka,67.0,,,D0CO,Jack Draper,GBR,26.0,25,W,1,25.0,2.0,73.0,54.0,47.0,11.0,12.0,1.0,1.0,0.0,0.0,-41.0,1,0,0.7397260273972602,0.8703703703703703,0.5789473684210527,1.0,0.0,0.0,,0.3424657534246575,0.0273972602739726,2,2,0,2,2,0,True,False,False,True,False,False,2,0,2,1.0,1,0,0,0,0.27956989247311825,Expected loss,0.7204301075268817,Upset win
2026-403|35,2026-03-21,2026,2026-403,Miami Masters,Masters 1000,Hard,O,R64,3,6-2 6-3,65.0,completed,B0NO,Darwin Blanch,272.0,,,F0F1,Arthur Fils,FRA,31.0,28.0,L,0,3.0,1.0,63.0,43.0,29.0,6.0,8.0,8.0,11.0,0.0,0.0,-241.0,0,0,0.6825396825396826,0.6744186046511628,0.3,0.7272727272727273,0.0,0.0,,0.047619047619047616,0.015873015873015872,2,2,0,0,0,0,True,False,False,True,False,False,0,2,0,,0,0,0,0,0.10231023102310231,Expected loss,-0.10231023102310231,Loss
2026-403|39,2026-03-21,2026,2026-403,Miami Masters,Masters 1000,Hard,O,R64,3,6-0 6-3,68.0,completed,K0AH,Sebastian Korda,36.0,32.0,,U182,Camilo Ugo Carabelli,ARG,66.0,,W,1,7.0,1.0,42.0,27.0,23.0,9.0,8.0,0.0,0.0,6.0,10.0,30.0,0,0,0.6428571428571429,0.8518518518518519,0.6,,10.0,4.0,0.4,0.16666666666666666,0.023809523809523808,2,2,0,0,0,0,True,False,False,True,False,False,2,0,0,,1,0,0,0,0.6470588235294118,Toss-up,0.3529411764705882,Win
2026-403|48,2026-03-21,2026,2026-403,Miami Masters,Masters 1000,Hard,O,R64,3,6-2 4-6 6-2,101.0,completed,T0HA,Learner Tien,21.0,20,,MQ75,Kamil Majchrzak,POL,57.0,,L,0,10.0,6.0,84.0,48.0,32.0,16.0,13.0,8.0,13.0,3.0,5.0,36.0,0,1,0.5714285714285714,0.6666666666666666,0.4444444444444444,0.6153846153846154,5.0,2.0,0.4,0.11904761904761904,0.07142857142857142,3,2,1,0,0,0,True,False,False,True,True,False,1,2,0,,0,0,0,0,0.7307692307692307,Expected win,-0.7307692307692307,Unexpected loss
2026-403|60,2026-03-22,2026,2026-403,Miami Masters,Masters 1000,Hard,O,R64,3,7-5 6-7(4) 6-4,156.0,completed,M0QI,Alex Michelsen,40.0,,,N771,Cameron Norrie,GBR,24.0,23,W,1,9.0,1.0,97.0,61.0,49.0,23.0,17.0,4.0,5.0,7.0,10.0,-16.0,1,0,0.6288659793814433,0.8032786885245902,0.6388888888888888,0.8,10.0,3.0,0.3,0.09278350515463918,0.010309278350515464,3,2,1,1,0,1,True,False,False,True,True,False,2,1,0,0.0,0,1,0,0,0.375,Toss-up,0.625,Win
2026-403|62,2026-03-22,2026,2026-403,Miami Masters,Masters 1000,Hard,O,R64,3,6-7(3) 7-6(3) 6-3,142.0,completed,S0S1,Ben Shelton,9.0,8,,S0H2,Alexander Shevchenko,KAZ,84.0,,L,0,17.0,2.0,99.0,68.0,55.0,18.0,16.0,1.0,2.0,5.0,5.0,75.0,0,1,0.6868686868686869,0.8088235294117647,0.5806451612903226,0.5,5.0,0.0,0.0,0.1717171717171717,0.020202020202020204,3,2,1,2,1,1,False,False,False,True,True,False,1,2,1,0.5,0,0,0,0,0.9032258064516129,Expected win,-0.9032258064516129,Unexpected loss
2026-403|64,2026-03-22,2026,2026-403,Miami Masters,Masters 1000,Hard,O,R64,3,7-6(1) 6-1,91.0,completed,TD51,Frances Tiafoe,20.0,19.0,,C0H0,Arthur Cazaux,FRA,73.0,,W,1,5.0,0.0,64.0,44.0,32.0,13.0,10.0,4.0,5.0,4.0,7.0,53.0,0,0,0.6875,0.7272727272727273,0.65,0.8,7.0,3.0,0.42857142857142855,0.078125,0.0,2,2,0,1,1,0,True,False,False,True,False,False,2,0,1,1.0,1,0,0,0,0.7849462365591398,Expected win,0.21505376344086025,Win
2026-403|66,2026-03-22,2026,2026-403,Miami Masters,Masters 1000,Hard,O,R64,3,2-6 6-4 7-6(7),144.0,completed,N0AE,Brandon Nakashima,30.0,27,,C977,Marin Cilic,CRO,49.0,,L,0,12.0,0.0,96.0,68.0,53.0,13.0,15.0,1.0,2.0,5.0,7.0,19.0,0,1,0.7083333333333334,0.7794117647058824,0.4642857142857143,0.5,7.0,2.0,0.2857142857142857,0.125,0.0,3,2,1,1,1,0,False,False,False,True,True,False,1,2,0,0.0,0,0,0,0,0.620253164556962,Toss-up,-0.620253164556962,Loss
2026-403|67,2026-03-22,2026,2026-403,Miami Masters,Masters 1000,Hard,O,R64,3,6-2 6-4,69.0,completed,D0DT,Martin Damm,133.0,,,Z355,Alexander Zverev,GER,4.0,3.0,L,0,5.0,6.0,60.0,36.0,22.0,12.0,9.0,5.0,8.0,0.0,0.0,-129.0,0,0,0.6,0.6111111111111112,0.5,0.625,0.0,0.0,,0.08333333333333333,0.1,2,2,0,0,0,0,True,False,False,True,False,False,0,2,0,,0,0,0,0,0.029197080291970802,Expected loss,-0.029197080291970802,Loss
2026-403|68,2026-03-22,2026,2026-403,Miami Masters,Masters 1000,Hard,O,R32,3,6-3 7-6(6),93.0,completed,Q02L,Ethan Quinn,56.0,,,L0BV,Jiri Lehecka,CZE,22.0,21.0,L,0,6.0,2.0,67.0,45.0,31.0,14.0,10.0,7.0,8.0,0.0,0.0,-34.0,0,0,0.6716417910447762,0.6888888888888889,0.6363636363636364,0.875,0.0,0.0,,0.08955223880597014,0.029850746268656716,2,2,0,1,1,0,True,False,False,True,False,False,0,2,0,0.0,0,0,0,0,0.28205128205128205,Expected loss,-0.28205128205128205,Loss
2026-403|69,2026-03-22,2026,2026-403,Miami Masters,Masters 1000,Hard,O,R32,3,6-3 5-7 6-4,138.0,completed,K0AH,Sebastian Korda,36.0,32.0,,A0E2,Carlos Alcaraz,ESP,1.0,1,W,1,12.0,0.0,104.0,72.0,50.0,15.0,16.0,3.0,5.0,2.0,5.0,-35.0,1,0,0.6923076923076923,0.6944444444444444,0.46875,0.6,5.0,3.0,0.6,0.11538461538461539,0.0,3,2,1,0,0,0,True,False,False,True,True,False,2,1,0,,0,1,0,0,0.02702702702702703,Expected loss,0.972972972972973,Upset win
2026-403|70,2026-03-22,2026,2026-403,Miami Masters,Masters 1000,Hard,O,R32,3,6-3 6-4,63.0,completed,O522,Reilly Opelka,67.0,,,FB98,Taylor Fritz,USA,7.0,6.0,L,0,10.0,0.0,60.0,43.0,30.0,7.0,9.0,6.0,8.0,0.0,0.0,-60.0,0,0,0.7166666666666667,0.6976744186046512,0.4117647058823529,0.75,0.0,0.0,,0.16666666666666666,0.0,2,2,0,0,0,0,True,False,False,True,False,False,0,2,0,,0,0,0,0,0.0945945945945946,Expected loss,-0.0945945945945946,Loss
2026-403|70,2026-03-22,2026,2026-403,Miami Masters,Masters 1000,Hard,O,R32,3,6-3 6-4,63.0,completed,FB98,Taylor Fritz,7.0,6.0,,O522,Reilly Opelka,USA,67.0,,W,1,4.0,0.0,46.0,31.0,29.0,11.0,10.0,0.0,0.0,6.0,8.0,60.0,0,0,0.6739130434782609,0.9354838709677419,0.7333333333333333,,8.0,2.0,0.25,0.08695652173913043,0.0,2,2,0,0,0,0,True,False,False,True,False,False,2,0,0,,1,0,0,0,0.9054054054054054,Expected win,0.09459459459459463,Win
2026-403|73,2026-03-23,2026,2026-403,Miami Masters,Masters 1000,Hard,O,R32,3,6-2 3-6 7-6(5),140.0,completed,PL56,Tommy Paul,23.0,22.0,,C0JP,Raphael Collignon,BEL,72.0,,W,1,5.0,2.0,80.0,49.0,35.0,19.0,14.0,0.0,3.0,6.0,10.0,49.0,0,0,0.6125,0.7142857142857143,0.6129032258064516,0.0,10.0,4.0,0.4,0.0625,0.025,3,2,1,1,1,0,True,False,False,True,True,False,2,1,1,1.0,0,1,0,0,0.7578947368421053,Expected win,0.2421052631578947,Win
2026-403|79,2026-03-23,2026,2026-403,Miami Masters,Masters 1000,Hard,O,R32,3,7-6(4) 4-6 7-6(11),171.0,completed,TD51,Frances Tiafoe,20.0,19.0,,M0NI,Jakub Mensik,CZE,13.0,12,W,1,6.0,3.0,124.0,75.0,59.0,29.0,17.0,4.0,5.0,2.0,2.0,-7.0,1,0,0.6048387096774194,0.7866666666666666,0.5918367346938775,0.8,2.0,0.0,0.0,0.04838709677419355,0.024193548387096774,3,2,1,2,2,0,True,False,False,True,True,False,2,1,2,1.0,0,1,0,0,0.3939393939393939,Toss-up,0.6060606060606061,Win
2026-403|83,2026-03-24,2026,2026-403,Miami Masters,Masters 1000,Hard,O,R32,3,3-6 6-3 6-4,119.0,completed,M0QI,Alex Michelsen,40.0,,,TE30,Alejandro Tabilo,CHI,41.0,,W,1,12.0,0.0,88.0,52.0,43.0,20.0,14.0,8.0,9.0,7.0,9.0,1.0,0,0,0.5909090909090909,0.8269230769230769,0.5555555555555556,0.8888888888888888,9.0,2.0,0.2222222222222222,0.13636363636363635,0.0,3,2,1,0,0,0,False,False,False,True,True,False,2,1,0,,0,1,0,1,0.5061728395061729,Toss-up,0.49382716049382713,Win
2026-403|84,2026-03-24,2026,2026-403,Miami Masters,Masters 1000,Hard,O,R16,3,2-6 7-6(6) 6-4,147.0,completed,K0AH,Sebastian Korda,36.0,32,,L0IL,Martin Landaluce,ESP,151.0,,L,0,11.0,4.0,88.0,52.0,43.0,17.0,15.0,0.0,2.0,2.0,5.0,115.0,0,1,0.5909090909090909,0.8269230769230769,0.4722222222222222,0.0,5.0,3.0,0.6,0.125,0.045454545454545456,3,2,1,1,1,0,False,False,False,True,True,False,1,2,0,0.0,0,0,0,0,0.8074866310160428,Expected win,-0.8074866310160428,Unexpected loss
2026-403|85,2026-03-24,2026,2026-403,Miami Masters,Masters 1000,Hard,O,R16,3,6-4 6-7(4) 6-2,145.0,completed,FB98,Taylor Fritz,7.0,6,,L0BV,Jiri Lehecka,CZE,22.0,21.0,L,0,8.0,2.0,98.0,65.0,47.0,20.0,15.0,7.0,10.0,5.0,5.0,15.0,0,1,0.6632653061224489,0.7230769230769231,0.6060606060606061,0.7,5.0,0.0,0.0,0.08163265306122448,0.02040816326530612,3,2,1,1,0,1,True,False,False,True,True,False,1,2,1,1.0,0,0,0,0,0.7586206896551724,Expected win,-0.7586206896551724,Unexpected loss
2026-403|87,2026-03-24,2026,2026-403,Miami Masters,Masters 1000,Hard,O,R16,3,7-5 7-6(4),101.0,completed,M0QI,Alex Michelsen,40.0,,,S0AG,Jannik Sinner,ITA,2.0,2.0,L,0,3.0,2.0,69.0,48.0,37.0,10.0,12.0,5.0,7.0,1.0,2.0,-38.0,0,0,0.6956521739130435,0.7708333333333334,0.47619047619047616,0.7142857142857143,2.0,1.0,0.5,0.043478260869565216,0.028985507246376812,2,2,0,1,1,0,True,False,False,True,False,False,0,2,0,0.0,0,0,0,0,0.047619047619047616,Expected loss,-0.047619047619047616,Loss
2026-403|88,2026-03-24,2026,2026-403,Miami Masters,Masters 1000,Hard,O,R16,3,6-1 6-3,74.0,completed,PL56,Tommy Paul,23.0,22.0,,EA24,Tomas Martin Etcheverry,ARG,32.0,29,W,1,4.0,0.0,45.0,31.0,26.0,10.0,8.0,1.0,1.0,1.0,5.0,9.0,0,0,0.6888888888888889,0.8387096774193549,0.7142857142857143,1.0,5.0,4.0,0.8,0.08888888888888889,0.0,2,2,0,0,0,0,True,False,False,True,False,False,2,0,0,,1,0,0,0,0.5818181818181818,Toss-up,0.4181818181818182,Win
2026-403|89,2026-03-25,2026,2026-403,Miami Masters,Masters 1000,Hard,O,R16,3,6-4 1-6 6-4,112.0,completed,TD51,Frances Tiafoe,20.0,19.0,,A0GC,Terence Atmane,FRA,53.0,,W,1,6.0,1.0,77.0,50.0,38.0,12.0,13.0,6.0,8.0,4.0,6.0,33.0,0,0,0.6493506493506493,0.76,0.4444444444444444,0.75,6.0,2.0,0.3333333333333333,0.07792207792207792,0.012987012987012988,3,2,1,0,0,0,True,False,False,True,True,False,2,1,0,,0,1,0,0,0.726027397260274,Expected win,0.273972602739726,Win
2026-403|93,2026-03-26,2026,2026-403,Miami Masters,Masters 1000,Hard,O,QF,3,6-7(3) 7-6(4) 7-6(6),167.0,completed,PL56,Tommy Paul,23.0,22,,F0F1,Arthur Fils,FRA,31.0,28.0,L,0,6.0,0.0,110.0,69.0,58.0,28.0,18.0,1.0,1.0,6.0,6.0,8.0,0,1,0.6272727272727273,0.8405797101449275,0.6829268292682927,1.0,6.0,0.0,0.0,0.05454545454545454,0.0,3,2,1,3,2,1,False,False,False,True,True,False,1,2,1,0.3333333333333333,0,0,0,0,0.5740740740740741,Toss-up,-0.5740740740740741,Loss
2026-403|94,2026-03-26,2026,2026-403,Miami Masters,Masters 1000,Hard,O,QF,3,6-2 6-2,71.0,completed,TD51,Frances Tiafoe,20.0,19,,S0AG,Jannik Sinner,ITA,2.0,2.0,L,0,4.0,1.0,53.0,36.0,19.0,7.0,8.0,3.0,7.0,0.0,0.0,-18.0,0,0,0.6792452830188679,0.5277777777777778,0.4117647058823529,0.42857142857142855,0.0,0.0,,0.07547169811320754,0.018867924528301886,2,2,0,0,0,0,True,False,False,True,False,False,0,2,0,,0,0,0,0,0.09090909090909091,Expected loss,-0.09090909090909091,Loss
2026-410|8,2026-04-06,2026,2026-410,Monte Carlo,Masters 1000,Clay,O,R64,3,7-6(1) 6-7(8) 6-2,182.0,completed,N0AM,Emilio Nava,103.0,,,L0BV,Jiri Lehecka,CZE,13.0,11.0,L,0,6.0,5.0,129.0,85.0,59.0,18.0,16.0,9.0,12.0,7.0,8.0,-90.0,0,0,0.6589147286821705,0.6941176470588235,0.4090909090909091,0.75,8.0,1.0,0.125,0.046511627906976744,0.03875968992248062,3,2,1,2,1,1,True,False,False,True,True,False,1,2,1,0.5,0,0,0,0,0.11206896551724138,Expected loss,-0.11206896551724138,Loss
2026-410|23,2026-04-07,2026,2026-410,Monte Carlo,Masters 1000,Clay,O,R64,3,6-1 6-4,62.0,completed,Q02L,Ethan Quinn,54.0,,,A0GC,Terence Atmane,FRA,45.0,,L,0,3.0,0.0,44.0,33.0,23.0,4.0,8.0,1.0,4.0,0.0,0.0,-9.0,0,0,0.75,0.696969696969697,0.36363636363636365,0.25,0.0,0.0,,0.06818181818181818,0.0,2,2,0,0,0,0,True,False,False,True,False,False,0,2,0,,0,0,0,0,0.45454545454545453,Toss-up,-0.45454545454545453,Loss
2026-1536|7,2026-04-22,2026,2026-1536,Madrid Masters,Masters 1000,Clay,O,R128,3,6-3 7-5,98.0,completed,N0AM,Emilio Nava,116.0,,,B0CD,Jenson Brooksby,USA,61.0,,W,1,8.0,2.0,63.0,44.0,33.0,8.0,10.0,3.0,4.0,1.0,5.0,-55.0,1,0,0.6984126984126984,0.75,0.42105263157894735,0.75,5.0,4.0,0.8,0.12698412698412698,0.031746031746031744,2,2,0,0,0,0,True,False,False,True,False,False,2,0,0,,1,0,0,0,0.3446327683615819,Expected loss,0.655367231638418,Upset win
2026-1536|7,2026-04-22,2026,2026-1536,Madrid Masters,Masters 1000,Clay,O,R128,3,6-3 7-5,98.0,completed,B0CD,Jenson Brooksby,61.0,,,N0AM,Emilio Nava,USA,116.0,,L,0,0.0,3.0,69.0,46.0,26.0,13.0,11.0,1.0,5.0,3.0,4.0,55.0,0,1,0.6666666666666666,0.5652173913043478,0.5652173913043478,0.2,4.0,1.0,0.25,0.0,0.043478260869565216,2,2,0,0,0,0,True,False,False,True,False,False,0,2,0,,0,0,0,0,0.655367231638418,Expected win,-0.655367231638418,Unexpected loss
2026-1536|21,2026-04-23,2026,2026-1536,Madrid Masters,Masters 1000,Clay,O,R128,3,7-6(7) 6-4,107.0,completed,D0DT,Martin Damm,126.0,,,P09Z,Alexei Popyrin,AUS,56.0,,W,1,11.0,6.0,79.0,45.0,36.0,23.0,11.0,4.0,4.0,5.0,6.0,-70.0,1,0,0.569620253164557,0.8,0.6764705882352942,1.0,6.0,1.0,0.16666666666666666,0.13924050632911392,0.0759493670886076,2,2,0,1,1,0,True,False,False,True,False,False,2,0,1,1.0,1,0,0,0,0.3076923076923077,Expected loss,0.6923076923076923,Upset win
2026-1536|22,2026-04-23,2026,2026-1536,Madrid Masters,Masters 1000,Clay,O,R128,3,6-4 6-7(3) 7-5,143.0,completed,GC88,Marcos Giron,76.0,,,H997,Yannick Hanfmann,GER,60.0,,L,0,4.0,2.0,113.0,80.0,58.0,22.0,17.0,9.0,11.0,1.0,1.0,-16.0,0,0,0.7079646017699115,0.725,0.6666666666666666,0.8181818181818182,1.0,0.0,0.0,0.035398230088495575,0.017699115044247787,3,2,1,1,0,1,True,False,False,True,True,False,1,2,1,1.0,0,0,0,0,0.4411764705882353,Toss-up,-0.4411764705882353,Loss
2026-1536|23,2026-04-23,2026,2026-1536,Madrid Masters,Masters 1000,Clay,O,R128,3,7-6(5) 7-6(6),113.0,completed,Q02L,Ethan Quinn,48.0,,,M0CI,Fabian Marozsan,HUN,50.0,,L,0,11.0,2.0,91.0,55.0,44.0,18.0,12.0,3.0,3.0,1.0,1.0,2.0,0,1,0.6043956043956044,0.8,0.5,1.0,1.0,0.0,0.0,0.12087912087912088,0.02197802197802198,2,2,0,2,2,0,True,False,False,True,False,False,0,2,0,0.0,0,0,0,0,0.5102040816326531,Toss-up,-0.5102040816326531,Loss
2026-1536|28,2026-04-23,2026,2026-1536,Madrid Masters,Masters 1000,Clay,O,R128,3,3-6 7-6(6) 7-6(4),158.0,completed,K0A3,Patrick Kypson,90.0,,,TE51,Stefanos Tsitsipas,GRE,80.0,,L,0,11.0,0.0,113.0,71.0,55.0,27.0,17.0,4.0,4.0,3.0,4.0,-10.0,0,0,0.6283185840707964,0.7746478873239436,0.6428571428571429,1.0,4.0,1.0,0.25,0.09734513274336283,0.0,3,2,1,2,2,0,False,False,False,True,True,False,1,2,0,0.0,0,0,0,0,0.47058823529411764,Toss-up,-0.47058823529411764,Loss
2026-1536|30,2026-04-23,2026,2026-1536,Madrid Masters,Masters 1000,Clay,O,R128,3,5-3 RET,25.0,completed,O522,Reilly Opelka,70.0,,,B0U4,Nicolai Budkov Kjaer,NOR,140.0,,L,0,1.0,2.0,19.0,9.0,6.0,6.0,4.0,0.0,1.0,0.0,0.0,70.0,0,1,0.47368421052631576,0.6666666666666666,0.6,0.0,0.0,0.0,,0.05263157894736842,0.10526315789473684,1,1,0,0,0,0,True,True,False,True,False,False,0,1,0,,0,0,0,0,0.6666666666666666,Expected win,-0.6666666666666666,Unexpected loss
2026-1536|35,2026-04-24,2026,2026-1536,Madrid Masters,Masters 1000,Clay,O,R64,3,6-7(5) 7-6(1) 6-3,179.0,completed,N0AM,Emilio Nava,116.0,,,VA25,Valentin Vacherot,MON,17.0,14,W,1,21.0,9.0,145.0,94.0,70.0,19.0,17.0,17.0,19.0,5.0,8.0,-99.0,1,0,0.6482758620689655,0.7446808510638298,0.37254901960784315,0.8947368421052632,8.0,3.0,0.375,0.14482758620689656,0.06206896551724138,3,2,1,2,1,1,False,False,False,True,True,False,2,1,1,0.5,0,1,0,1,0.12781954887218044,Expected loss,0.8721804511278195,Upset win
2026-1536|38,2026-04-24,2026,2026-1536,Madrid Masters,Masters 1000,Clay,O,R64,3,6-2 6-1,57.0,completed,M0QI,Alex Michelsen,37.0,,,SL28,Jan-Lennard Struff,GER,81.0,,W,1,2.0,2.0,40.0,28.0,26.0,6.0,8.0,0.0,0.0,7.0,11.0,44.0,0,0,0.7,0.9285714285714286,0.5,,11.0,4.0,0.36363636363636365,0.05,0.05,2,2,0,0,0,0,True,False,False,True,False,False,2,0,0,,1,0,0,0,0.6864406779661016,Expected win,0.31355932203389836,Win
2026-1536|41,2026-04-24,2026,2026-1536,Madrid Masters,Masters 1000,Clay,O,R64,3,6-4 6-7(4) 7-6(5),182.0,completed,S0S1,Ben Shelton,6.0,4,,P0HW,Dino Prizmic,CRO,87.0,,L,0,10.0,3.0,117.0,78.0,59.0,22.0,17.0,5.0,6.0,0.0,0.0,81.0,0,1,0.6666666666666666,0.7564102564102564,0.5641025641025641,0.8333333333333334,0.0,0.0,,0.08547008547008547,0.02564102564102564,3,2,1,2,1,1,True,False,False,True,True,False,1,2,1,0.5,0,0,0,0,0.9354838709677419,Expected win,-0.9354838709677419,Unexpected loss
2026-1536|48,2026-04-24,2026,2026-1536,Madrid Masters,Masters 1000,Clay,O,R64,3,7-5 6-4,102.0,completed,PL56,Tommy Paul,18.0,15,,T0A1,Thiago Agustin Tirante,ARG,75.0,,L,0,2.0,4.0,77.0,52.0,37.0,10.0,11.0,4.0,6.0,2.0,2.0,57.0,0,1,0.6753246753246753,0.7115384615384616,0.4,0.6666666666666666,2.0,0.0,0.0,0.025974025974025976,0.05194805194805195,2,2,0,0,0,0,True,False,False,True,False,False,0,2,0,,0,0,0,0,0.8064516129032258,Expected win,-0.8064516129032258,Unexpected loss
2026-1536|56,2026-04-25,2026,2026-1536,Madrid Masters,Masters 1000,Clay,O,R64,3,6-3 6-4,66.0,completed,D0DT,Martin Damm,126.0,,,M0NI,Jakub Mensik,CZE,27.0,23.0,L,0,8.0,5.0,50.0,30.0,25.0,9.0,9.0,3.0,5.0,2.0,2.0,-99.0,0,0,0.6,0.8333333333333334,0.45,0.6,2.0,0.0,0.0,0.16,0.1,2,2,0,0,0,0,True,False,False,True,False,False,0,2,0,,0,0,0,0,0.17647058823529413,Expected loss,-0.17647058823529413,Loss
2026-1536|57,2026-04-25,2026,2026-1536,Madrid Masters,Masters 1000,Clay,O,R64,3,3-6 6-3 6-4,111.0,completed,N0AE,Brandon Nakashima,32.0,28,,B0PG,Alexander Blockx,BEL,69.0,,L,0,7.0,0.0,85.0,59.0,45.0,12.0,14.0,1.0,3.0,4.0,5.0,37.0,0,1,0.6941176470588235,0.7627118644067796,0.46153846153846156,0.3333333333333333,5.0,1.0,0.2,0.08235294117647059,0.0,3,2,1,0,0,0,False,False,False,True,True,False,1,2,0,,0,0,0,0,0.6831683168316832,Expected win,-0.6831683168316832,Unexpected loss
2026-1536|60,2026-04-25,2026,2026-1536,Madrid Masters,Masters 1000,Clay,O,R64,3,6-4 6-3,79.0,completed,T0HA,Learner Tien,21.0,17,,V0DP,Adolfo Daniel Vallejo,PAR,96.0,,L,0,0.0,4.0,58.0,35.0,18.0,14.0,10.0,3.0,7.0,7.0,8.0,75.0,0,1,0.603448275862069,0.5142857142857142,0.6086956521739131,0.42857142857142855,8.0,1.0,0.125,0.0,0.06896551724137931,2,2,0,0,0,0,True,False,False,True,False,False,0,2,0,,0,0,0,0,0.8205128205128205,Expected win,-0.8205128205128205,Unexpected loss
2026-1536|66,2026-04-26,2026,2026-1536,Madrid Masters,Masters 1000,Clay,O,R32,3,6-4 6-2,85.0,completed,M0QI,Alex Michelsen,37.0,,,L0BV,Jiri Lehecka,CZE,14.0,11.0,L,0,3.0,3.0,61.0,38.0,24.0,11.0,9.0,3.0,6.0,0.0,0.0,-23.0,0,0,0.6229508196721312,0.631578947368421,0.4782608695652174,0.5,0.0,0.0,,0.04918032786885246,0.04918032786885246,2,2,0,0,0,0,True,False,False,True,False,False,0,2,0,,0,0,0,0,0.27450980392156865,Expected loss,-0.27450980392156865,Loss
2026-1536|70,2026-04-26,2026,2026-1536,Madrid Masters,Masters 1000,Clay,O,R32,3,7-6(2) 6-3,90.0,completed,N0AM,Emilio Nava,116.0,,,F0F1,Arthur Fils,FRA,25.0,21.0,L,0,10.0,0.0,66.0,39.0,27.0,14.0,10.0,4.0,6.0,1.0,2.0,-91.0,0,0,0.5909090909090909,0.6923076923076923,0.5185185185185185,0.6666666666666666,2.0,1.0,0.5,0.15151515151515152,0.0,2,2,0,1,1,0,True,False,False,True,False,False,0,2,0,0.0,0,0,0,0,0.1773049645390071,Expected loss,-0.1773049645390071,Loss
2026-416|13,2026-05-06,2026,2026-416,Rome Masters,Masters 1000,Clay,O,R128,3,6-3 5-7 6-0,119.0,completed,K0A3,Patrick Kypson,89.0,,,V832,Aleksandar Vukic,AUS,99.0,,L,0,12.0,5.0,89.0,52.0,35.0,12.0,13.0,6.0,12.0,4.0,7.0,10.0,0,1,0.5842696629213483,0.6730769230769231,0.32432432432432434,0.5,7.0,3.0,0.42857142857142855,0.1348314606741573,0.056179775280898875,3,2,1,0,0,0,True,False,False,True,True,False,1,2,0,,0,0,0,0,0.526595744680851,Toss-up,-0.526595744680851,Loss
2026-416|3,2026-05-06,2026,2026-416,Rome Masters,Masters 1000,Clay,O,R128,3,6-3 7-6(8),102.0,completed,B0CD,Jenson Brooksby,63.0,,,B0BI,Sebastian Baez,ARG,65.0,,L,0,1.0,1.0,74.0,48.0,27.0,12.0,11.0,4.0,9.0,3.0,6.0,2.0,0,1,0.6486486486486487,0.5625,0.46153846153846156,0.4444444444444444,6.0,3.0,0.5,0.013513513513513514,0.013513513513513514,2,2,0,1,1,0,True,False,False,True,False,False,0,2,0,0.0,0,0,0,0,0.5078125,Toss-up,-0.5078125,Loss
2026-416|6,2026-05-06,2026,2026-416,Rome Masters,Masters 1000,Clay,O,R128,3,0-6 6-4 7-6(4),132.0,completed,S0K7,Zachary Svajda,90.0,,,TA29,Marco Trungelliti,ARG,78.0,,W,1,4.0,1.0,93.0,52.0,40.0,19.0,14.0,2.0,5.0,1.0,2.0,-12.0,1,0,0.5591397849462365,0.7692307692307693,0.4634146341463415,0.4,2.0,1.0,0.5,0.043010752688172046,0.010752688172043012,3,2,1,1,1,0,False,False,False,True,True,False,2,1,1,1.0,0,1,0,1,0.4642857142857143,Toss-up,0.5357142857142857,Win
2026-416|20,2026-05-07,2026,2026-416,Rome Masters,Masters 1000,Clay,O,R128,3,7-5 6-4,106.0,completed,GC88,Marcos Giron,77.0,,,C977,Marin Cilic,CRO,47.0,,L,0,1.0,0.0,69.0,42.0,24.0,18.0,11.0,4.0,7.0,2.0,3.0,-30.0,0,0,0.6086956521739131,0.5714285714285714,0.6666666666666666,0.5714285714285714,3.0,1.0,0.3333333333333333,0.014492753623188406,0.0,2,2,0,0,0,0,True,False,False,True,False,False,0,2,0,,0,0,0,0,0.3790322580645161,Toss-up,-0.3790322580645161,Loss
2026-416|22,2026-05-07,2026,2026-416,Rome Masters,Masters 1000,Clay,O,R128,3,6-3 5-7 6-3,150.0,completed,Q02L,Ethan Quinn,48.0,,,L0CX,Pablo Llamas Ruiz,ESP,139.0,,L,0,7.0,2.0,93.0,62.0,43.0,12.0,15.0,0.0,4.0,4.0,6.0,91.0,0,1,0.6666666666666666,0.6935483870967742,0.3870967741935484,0.0,6.0,2.0,0.3333333333333333,0.07526881720430108,0.021505376344086023,3,2,1,0,0,0,True,False,False,True,True,False,1,2,0,,0,0,0,0,0.7433155080213903,Expected win,-0.7433155080213903,Unexpected loss
2026-416|30,2026-05-07,2026,2026-416,Rome Masters,Masters 1000,Clay,O,R128,3,6-3 6-3,75.0,completed,M0QI,Alex Michelsen,42.0,,,O513,Sebastian Ofner,AUT,82.0,,L,0,1.0,0.0,47.0,30.0,23.0,6.0,9.0,3.0,6.0,1.0,1.0,40.0,0,1,0.6382978723404256,0.7666666666666667,0.35294117647058826,0.5,1.0,0.0,0.0,0.02127659574468085,0.0,2,2,0,0,0,0,True,False,False,True,False,False,0,2,0,,0,0,0,0,0.6612903225806451,Expected win,-0.6612903225806451,Unexpected loss
2026-416|36,2026-05-08,2026,2026-416,Rome Masters,Masters 1000,Clay,O,R64,3,6-2 6-1,68.0,completed,T0HA,Learner Tien,21.0,19.0,,D923,Damir Dzumhur,BIH,87.0,,W,1,1.0,1.0,48.0,33.0,18.0,12.0,7.0,1.0,2.0,5.0,11.0,66.0,0,0,0.6875,0.5454545454545454,0.8,0.5,11.0,6.0,0.5454545454545454,0.020833333333333332,0.020833333333333332,2,2,0,0,0,0,True,False,False,True,False,False,2,0,0,,1,0,0,0,0.8055555555555556,Expected win,0.19444444444444442,Win
2026-416|39,2026-05-08,2026,2026-416,Rome Masters,Masters 1000,Clay,O,R64,3,6-1 6-3,64.0,completed,S0K7,Zachary Svajda,90.0,,,RH16,Casper Ruud,NOR,25.0,23.0,L,0,2.0,3.0,54.0,36.0,20.0,7.0,8.0,3.0,7.0,0.0,0.0,-65.0,0,0,0.6666666666666666,0.5555555555555556,0.3888888888888889,0.42857142857142855,0.0,0.0,,0.037037037037037035,0.05555555555555555,2,2,0,0,0,0,True,False,False,True,False,False,0,2,0,,0,0,0,0,0.21739130434782608,Expected loss,-0.21739130434782608,Loss
2026-416|41,2026-05-08,2026,2026-416,Rome Masters,Masters 1000,Clay,O,R64,3,2-6 6-2 7-6(5),127.0,completed,K0AZ,Aleksandar Kovacevic,95.0,,,V812,Botic van de Zandschulp,NED,54.0,,L,0,10.0,2.0,82.0,50.0,36.0,20.0,14.0,4.0,6.0,1.0,3.0,-41.0,0,0,0.6097560975609756,0.72,0.625,0.6666666666666666,3.0,2.0,0.6666666666666666,0.12195121951219512,0.024390243902439025,3,2,1,1,1,0,False,False,False,True,True,False,1,2,0,0.0,0,0,0,0,0.3624161073825503,Toss-up,-0.3624161073825503,Loss
2026-416|44,2026-05-08,2026,2026-416,Rome Masters,Masters 1000,Clay,O,R64,3,6-4 6-2,80.0,completed,PL56,Tommy Paul,18.0,16.0,,V832,Aleksandar Vukic,AUS,99.0,,W,1,2.0,1.0,46.0,26.0,20.0,13.0,9.0,0.0,1.0,6.0,10.0,81.0,0,0,0.5652173913043478,0.7692307692307693,0.65,0.0,10.0,4.0,0.4,0.043478260869565216,0.021739130434782608,2,2,0,0,0,0,True,False,False,True,False,False,2,0,0,,1,0,0,0,0.8461538461538461,Expected win,0.15384615384615385,Win
2026-416|54,2026-05-09,2026,2026-416,Rome Masters,Masters 1000,Clay,O,R64,3,6-4 6-0,82.0,completed,N0AE,Brandon Nakashima,32.0,30.0,,BD06,Roberto Bautista Agut,ESP,98.0,,W,1,3.0,2.0,46.0,29.0,22.0,9.0,8.0,2.0,3.0,2.0,7.0,66.0,0,0,0.6304347826086957,0.7586206896551724,0.5294117647058824,0.6666666666666666,7.0,5.0,0.7142857142857143,0.06521739130434782,0.043478260869565216,2,2,0,0,0,0,True,False,False,True,False,False,2,0,0,,1,0,0,0,0.7538461538461538,Expected win,0.24615384615384617,Win
2026-416|61,2026-05-09,2026,2026-416,Rome Masters,Masters 1000,Clay,O,R64,3,6-4 6-7(5) 6-3,137.0,completed,S0S1,Ben Shelton,6.0,5,,BG23,Nikoloz Basilashvili,GEO,117.0,,L,0,12.0,4.0,92.0,58.0,48.0,15.0,15.0,6.0,9.0,2.0,3.0,111.0,0,1,0.6304347826086957,0.8275862068965517,0.4411764705882353,0.6666666666666666,3.0,1.0,0.3333333333333333,0.13043478260869565,0.043478260869565216,3,2,1,1,0,1,True,False,False,True,True,False,1,2,1,1.0,0,0,0,0,0.9512195121951219,Expected win,-0.9512195121951219,Unexpected loss
2026-416|63,2026-05-09,2026,2026-416,Rome Masters,Masters 1000,Clay,O,R64,3,6-7(5) 6-3 6-2,163.0,completed,TD51,Frances Tiafoe,22.0,20.0,,B0ID,Ignacio Buse,PER,62.0,,W,1,2.0,3.0,100.0,57.0,39.0,23.0,15.0,1.0,5.0,6.0,13.0,40.0,0,0,0.57,0.6842105263157895,0.5348837209302325,0.2,13.0,7.0,0.5384615384615384,0.02,0.03,3,2,1,1,0,1,False,False,False,True,True,False,2,1,0,0.0,0,1,0,1,0.7380952380952381,Expected win,0.26190476190476186,Win
2026-416|71,2026-05-10,2026,2026-416,Rome Masters,Masters 1000,Clay,O,R32,3,4-6 6-3 7-5,127.0,completed,T0HA,Learner Tien,21.0,19.0,,BK92,Alexander Bublik,KAZ,11.0,9,W,1,3.0,2.0,94.0,63.0,43.0,20.0,16.0,4.0,6.0,7.0,10.0,-10.0,1,0,0.6702127659574468,0.6825396825396826,0.6451612903225806,0.6666666666666666,10.0,3.0,0.3,0.031914893617021274,0.02127659574468085,3,2,1,0,0,0,False,False,False,True,True,False,2,1,0,,0,1,0,1,0.34375,Expected loss,0.65625,Upset win
2026-416|72,2026-05-10,2026,2026-416,Rome Masters,Masters 1000,Clay,O,R32,3,3-6 6-3 6-2,143.0,completed,PL56,Tommy Paul,18.0,16,,D0FJ,Luciano Darderi,ITA,20.0,18.0,L,0,5.0,3.0,93.0,52.0,29.0,23.0,13.0,5.0,9.0,2.0,4.0,2.0,0,1,0.5591397849462365,0.5576923076923077,0.5609756097560976,0.5555555555555556,4.0,2.0,0.5,0.053763440860215055,0.03225806451612903,3,2,1,0,0,0,False,False,False,True,True,False,1,2,0,,0,0,0,0,0.5263157894736842,Toss-up,-0.5263157894736842,Loss
2026-416|73,2026-05-11,2026,2026-416,Rome Masters,Masters 1000,Clay,O,R32,3,7-6(5) 6-4,100.0,completed,N0AE,Brandon Nakashima,32.0,30,,BG23,Nikoloz Basilashvili,GEO,117.0,,L,0,11.0,0.0,75.0,54.0,43.0,6.0,11.0,4.0,6.0,0.0,1.0,85.0,0,1,0.72,0.7962962962962963,0.2857142857142857,0.6666666666666666,1.0,1.0,1.0,0.14666666666666667,0.0,2,2,0,1,1,0,True,False,False,True,False,False,0,2,0,0.0,0,0,0,0,0.785234899328859,Expected win,-0.785234899328859,Unexpected loss
2026-416|76,2026-05-11,2026,2026-416,Rome Masters,Masters 1000,Clay,O,R32,3,7-6(8) 6-1,116.0,completed,TD51,Frances Tiafoe,22.0,20,,PH64,Andrea Pellegrino,ITA,155.0,,L,0,6.0,3.0,58.0,31.0,18.0,10.0,9.0,4.0,8.0,3.0,5.0,133.0,0,1,0.5344827586206896,0.5806451612903226,0.37037037037037035,0.5,5.0,2.0,0.4,0.10344827586206896,0.05172413793103448,2,2,0,1,1,0,True,False,False,True,False,False,0,2,0,0.0,0,0,0,0,0.8757062146892656,Expected win,-0.8757062146892656,Unexpected loss
2026-416|83,2026-05-12,2026,2026-416,Rome Masters,Masters 1000,Clay,O,R16,3,6-1 6-4,75.0,completed,T0HA,Learner Tien,21.0,19,,J0DZ,Rafael Jodar,ESP,34.0,32.0,L,0,3.0,4.0,52.0,33.0,17.0,9.0,8.0,4.0,8.0,0.0,1.0,13.0,0,1,0.6346153846153846,0.5151515151515151,0.47368421052631576,0.5,1.0,1.0,1.0,0.057692307692307696,0.07692307692307693,2,2,0,0,0,0,True,False,False,True,False,False,0,2,0,,0,0,0,0,0.6181818181818182,Toss-up,-0.6181818181818182,Loss
2026-520|10,2026-05-24,2026,2026-520,Roland Garros,Grand Slam,Clay,O,R128,5,3-6 6-4 6-2 6-7(6) 6-4,206.0,completed,O522,Reilly Opelka,76.0,,,C0NB,Federico Cina,ITA,238.0,,L,0,13.0,9.0,149.0,100.0,73.0,29.0,24.0,8.0,12.0,10.0,11.0,162.0,0,1,0.6711409395973155,0.73,0.5918367346938775,0.6666666666666666,11.0,1.0,0.09090909090909091,0.087248322147651,0.06040268456375839,5,3,2,1,0,1,False,False,False,True,True,True,2,3,1,1.0,0,0,0,0,0.7579617834394905,Expected win,-0.7579617834394905,Unexpected loss
2026-520|12,2026-05-24,2026,2026-520,Roland Garros,Grand Slam,Clay,O,R128,5,6-1 6-1 6-3,109.0,completed,Z0BZ,Michael Zheng,146.0,,Q,P0HW,Dino Prizmic,CRO,72.0,,L,0,3.0,2.0,64.0,37.0,18.0,9.0,11.0,3.0,10.0,4.0,5.0,-74.0,0,0,0.578125,0.4864864864864865,0.3333333333333333,0.3,5.0,1.0,0.2,0.046875,0.03125,3,3,0,0,0,0,True,False,False,True,False,False,0,3,0,,0,0,0,0,0.3302752293577982,Expected loss,-0.3302752293577982,Loss
2026-520|16,2026-05-24,2026,2026-520,Roland Garros,Grand Slam,Clay,O,R128,5,7-6(5) 7-6(5) 6-7(9) 6-1,205.0,completed,B0NN,Nishesh Basavareddy,148.0,,WC,FB98,Taylor Fritz,USA,9.0,7,W,1,4.0,3.0,144.0,91.0,70.0,33.0,22.0,3.0,4.0,3.0,6.0,-139.0,1,0,0.6319444444444444,0.7692307692307693,0.6226415094339622,0.75,6.0,3.0,0.5,0.027777777777777776,0.020833333333333332,4,3,1,3,2,1,True,False,False,True,False,False,3,1,2,0.6666666666666666,0,0,0,0,0.05732484076433121,Expected loss,0.9426751592356688,Upset win
2026-520|16,2026-05-24,2026,2026-520,Roland Garros,Grand Slam,Clay,O,R128,5,7-6(5) 7-6(5) 6-7(9) 6-1,205.0,completed,FB98,Taylor Fritz,9.0,7,,B0NN,Nishesh Basavareddy,USA,148.0,,L,0,21.0,5.0,145.0,100.0,76.0,22.0,21.0,3.0,6.0,3.0,4.0,139.0,0,1,0.6896551724137931,0.76,0.4888888888888889,0.5,4.0,1.0,0.25,0.14482758620689656,0.034482758620689655,4,3,1,3,2,1,True,False,False,True,False,False,1,3,1,0.3333333333333333,0,0,0,0,0.9426751592356688,Expected win,-0.9426751592356688,Unexpected loss
2026-520|23,2026-05-25,2026,2026-520,Roland Garros,Grand Slam,Clay,O,R128,5,6-2 6-4 6-2,98.0,completed,M0QI,Alex Michelsen,42.0,,,S0H2,Alexander Shevchenko,UKR,88.0,,W,1,9.0,2.0,72.0,43.0,33.0,19.0,13.0,4.0,6.0,4.0,11.0,46.0,0,0,0.5972222222222222,0.7674418604651163,0.6551724137931034,0.6666666666666666,11.0,7.0,0.6363636363636364,0.125,0.027777777777777776,3,3,0,0,0,0,True,False,False,True,False,False,3,0,0,,1,0,0,0,0.676923076923077,Expected win,0.32307692307692304,Win
2026-520|24,2026-05-25,2026,2026-520,Roland Garros,Grand Slam,Clay,O,R128,5,6-3 6-7(5) 6-4 6-3,178.0,completed,S0JA,Eliot Spizzirri,91.0,,,TD51,Frances Tiafoe,USA,22.0,19.0,L,0,13.0,1.0,120.0,84.0,55.0,22.0,19.0,2.0,6.0,2.0,3.0,-69.0,0,0,0.7,0.6547619047619048,0.6111111111111112,0.3333333333333333,3.0,1.0,0.3333333333333333,0.10833333333333334,0.008333333333333333,4,3,1,1,0,1,True,False,False,True,False,False,1,3,1,1.0,0,0,0,0,0.19469026548672566,Expected loss,-0.19469026548672566,Loss
2026-520|24,2026-05-25,2026,2026-520,Roland Garros,Grand Slam,Clay,O,R128,5,6-3 6-7(5) 6-4 6-3,178.0,completed,TD51,Frances Tiafoe,22.0,19.0,,S0JA,Eliot Spizzirri,USA,91.0,,W,1,12.0,6.0,119.0,62.0,55.0,32.0,21.0,2.0,3.0,2.0,6.0,69.0,0,0,0.5210084033613446,0.8870967741935484,0.5614035087719298,0.6666666666666666,6.0,4.0,0.6666666666666666,0.10084033613445378,0.05042016806722689,4,3,1,1,0,1,True,False,False,True,False,False,3,1,0,0.0,0,0,0,0,0.8053097345132744,Expected win,0.19469026548672563,Win
2026-520|26,2026-05-25,2026,2026-520,Roland Garros,Grand Slam,Clay,O,R128,5,6-1 6-0 6-4,96.0,completed,K0AZ,Aleksandar Kovacevic,67.0,,,J0DZ,Rafael Jodar,ESP,29.0,27.0,L,0,3.0,5.0,69.0,39.0,22.0,12.0,11.0,6.0,12.0,1.0,1.0,-38.0,0,0,0.5652173913043478,0.5641025641025641,0.4,0.5,1.0,0.0,0.0,0.043478260869565216,0.07246376811594203,3,3,0,0,0,0,True,False,False,True,False,False,0,3,0,,0,0,0,0,0.3020833333333333,Expected loss,-0.3020833333333333,Loss
2026-520|27,2026-05-25,2026,2026-520,Roland Garros,Grand Slam,Clay,O,R128,5,6-2 7-5 6-2,129.0,completed,N0AE,Brandon Nakashima,35.0,31.0,,BD06,Roberto Bautista Agut,ESP,117.0,,W,1,11.0,0.0,75.0,55.0,43.0,14.0,14.0,0.0,0.0,2.0,7.0,82.0,0,0,0.7333333333333333,0.7818181818181819,0.7,,7.0,5.0,0.7142857142857143,0.14666666666666667,0.0,3,3,0,0,0,0,True,False,False,True,False,False,3,0,0,,1,0,0,0,0.7697368421052632,Expected win,0.23026315789473684,Win
2026-520|31,2026-05-25,2026,2026-520,Roland Garros,Grand Slam,Clay,O,R128,5,6-4 6-4 6-4,158.0,completed,B0CD,Jenson Brooksby,63.0,,,N0BS,Mariano Navone,ARG,38.0,,L,0,0.0,2.0,109.0,79.0,48.0,12.0,15.0,11.0,16.0,3.0,5.0,-25.0,0,0,0.7247706422018348,0.6075949367088608,0.4,0.6875,5.0,2.0,0.4,0.0,0.01834862385321101,3,3,0,0,0,0,True,False,False,True,False,False,0,3,0,,0,0,0,0,0.37623762376237624,Toss-up,-0.37623762376237624,Loss
2026-520|32,2026-05-25,2026,2026-520,Roland Garros,Grand Slam,Clay,O,R128,5,7-6(10) 6-3 6-3,162.0,completed,N0AM,Emilio Nava,94.0,,Q,U182,Camilo Ugo Carabelli,ARG,59.0,,L,0,9.0,3.0,124.0,99.0,62.0,7.0,15.0,9.0,14.0,9.0,11.0,-35.0,0,0,0.7983870967741935,0.6262626262626263,0.28,0.6428571428571429,11.0,2.0,0.18181818181818182,0.07258064516129033,0.024193548387096774,3,3,0,1,1,0,True,False,False,True,False,False,0,3,0,0.0,0,0,0,0,0.38562091503267976,Toss-up,-0.38562091503267976,Loss
2026-520|34,2026-05-25,2026,2026-520,Roland Garros,Grand Slam,Clay,O,R128,5,6-3 6-3 6-4,102.0,completed,S0S1,Ben Shelton,5.0,5.0,,M0N7,Daniel Merida,ESP,86.0,,W,1,6.0,8.0,76.0,58.0,50.0,7.0,14.0,1.0,1.0,4.0,8.0,81.0,0,0,0.7631578947368421,0.8620689655172413,0.3888888888888889,1.0,8.0,4.0,0.5,0.07894736842105263,0.10526315789473684,3,3,0,0,0,0,True,False,False,True,False,False,3,0,0,,1,0,0,0,0.945054945054945,Expected win,0.05494505494505497,Win
2026-520|38,2026-05-25,2026,2026-520,Roland Garros,Grand Slam,Clay,O,R128,5,4-6 6-3 7-5 6-4,200.0,completed,PL56,Tommy Paul,21.0,24.0,,H0BH,Rinky Hijikata,AUS,98.0,,W,1,13.0,3.0,140.0,82.0,55.0,36.0,21.0,9.0,12.0,6.0,11.0,77.0,0,0,0.5857142857142857,0.6707317073170732,0.6206896551724138,0.75,11.0,5.0,0.45454545454545453,0.09285714285714286,0.02142857142857143,4,3,1,0,0,0,False,False,False,True,False,False,3,1,0,,0,0,0,1,0.8235294117647058,Expected win,0.17647058823529416,Win
2026-520|43,2026-05-25,2026,2026-520,Roland Garros,Grand Slam,Clay,O,R128,5,7-5 6-2 6-4,133.0,completed,GC88,Marcos Giron,84.0,,,WB32,Yibing Wu,CHN,92.0,,L,0,4.0,2.0,98.0,64.0,40.0,16.0,15.0,5.0,10.0,5.0,6.0,8.0,0,1,0.6530612244897959,0.625,0.47058823529411764,0.5,6.0,1.0,0.16666666666666666,0.04081632653061224,0.02040816326530612,3,3,0,0,0,0,True,False,False,True,False,False,0,3,0,,0,0,0,0,0.5227272727272727,Toss-up,-0.5227272727272727,Loss
2026-520|48,2026-05-26,2026,2026-520,Roland Garros,Grand Slam,Clay,O,R128,5,3-6 6-3 7-6(3) 7-5,176.0,completed,S0K7,Zachary Svajda,85.0,,,P09Z,Alexei Popyrin,AUS,61.0,,W,1,17.0,4.0,123.0,83.0,58.0,26.0,21.0,2.0,4.0,4.0,7.0,-24.0,1,0,0.6747967479674797,0.6987951807228916,0.65,0.5,7.0,3.0,0.42857142857142855,0.13821138211382114,0.032520325203252036,4,3,1,1,1,0,False,False,False,True,False,False,3,1,1,1.0,0,0,0,1,0.4178082191780822,Toss-up,0.5821917808219178,Win
2026-520|51,2026-05-26,2026,2026-520,Roland Garros,Grand Slam,Clay,O,R128,5,6-0 2-6 6-0 6-2,114.0,completed,T0HA,Learner Tien,18.0,18.0,,GD64,Cristian Garin,CHI,114.0,,W,1,12.0,2.0,67.0,45.0,38.0,14.0,14.0,1.0,3.0,7.0,15.0,96.0,0,0,0.6716417910447762,0.8444444444444444,0.6363636363636364,0.3333333333333333,15.0,8.0,0.5333333333333333,0.1791044776119403,0.029850746268656716,4,3,1,0,0,0,True,False,False,True,False,False,3,1,0,,0,0,0,0,0.8636363636363636,Expected win,0.13636363636363635,Win
2026-520|62,2026-05-26,2026,2026-520,Roland Garros,Grand Slam,Clay,O,R128,5,6-4 7-6(8) 7-6(4),167.0,completed,Q02L,Ethan Quinn,50.0,,,C0DF,Francisco Comesana,ARG,102.0,,L,0,5.0,3.0,111.0,82.0,59.0,14.0,17.0,6.0,8.0,3.0,4.0,52.0,0,1,0.7387387387387387,0.7195121951219512,0.4827586206896552,0.75,4.0,1.0,0.25,0.04504504504504504,0.02702702702702703,3,3,0,2,2,0,True,False,False,True,False,False,0,3,0,0.0,0,0,0,0,0.6710526315789473,Expected win,-0.6710526315789473,Unexpected loss
2026-520|77,2026-05-27,2026,2026-520,Roland Garros,Grand Slam,Clay,O,R64,5,7-6(5) 6-3 3-6 6-3,191.0,completed,M0QI,Alex Michelsen,42.0,,,B0NN,Nishesh Basavareddy,USA,148.0,,W,1,10.0,6.0,125.0,85.0,59.0,22.0,20.0,5.0,8.0,10.0,14.0,106.0,0,0,0.68,0.6941176470588235,0.55,0.625,14.0,4.0,0.2857142857142857,0.08,0.048,4,3,1,1,1,0,True,False,False,True,False,False,3,1,1,1.0,0,0,0,0,0.7789473684210526,Expected win,0.2210526315789474,Win
2026-520|77,2026-05-27,2026,2026-520,Roland Garros,Grand Slam,Clay,O,R64,5,7-6(5) 6-3 3-6 6-3,191.0,completed,B0NN,Nishesh Basavareddy,148.0,,WC,M0QI,Alex Michelsen,USA,42.0,,L,0,7.0,7.0,128.0,83.0,60.0,22.0,19.0,10.0,14.0,5.0,8.0,-106.0,0,0,0.6484375,0.7228915662650602,0.4888888888888889,0.7142857142857143,8.0,3.0,0.375,0.0546875,0.0546875,4,3,1,1,1,0,True,False,False,True,False,False,1,3,0,0.0,0,0,0,0,0.22105263157894736,Expected loss,-0.22105263157894736,Loss
2026-520|79,2026-05-27,2026,2026-520,Roland Garros,Grand Slam,Clay,O,R64,5,6-3 6-2 6-4,130.0,completed,PL56,Tommy Paul,21.0,24.0,,SU87,Lorenzo Sonego,ITA,70.0,,W,1,2.0,2.0,88.0,51.0,40.0,18.0,14.0,5.0,6.0,3.0,8.0,49.0,0,0,0.5795454545454546,0.7843137254901961,0.4864864864864865,0.8333333333333334,8.0,5.0,0.625,0.022727272727272728,0.022727272727272728,3,3,0,0,0,0,True,False,False,True,False,False,3,0,0,,1,0,0,0,0.7692307692307693,Expected win,0.23076923076923073,Win
2026-520|83,2026-05-28,2026,2026-520,Roland Garros,Grand Slam,Clay,O,R64,5,6-3 6-4 6-7(4) 6-2,168.0,completed,S0K7,Zachary Svajda,85.0,,,W09E,Adam Walton,AUS,97.0,,W,1,21.0,1.0,124.0,77.0,61.0,26.0,20.0,4.0,5.0,11.0,16.0,12.0,0,0,0.6209677419354839,0.7922077922077922,0.5531914893617021,0.8,16.0,5.0,0.3125,0.1693548387096774,0.008064516129032258,4,3,1,1,0,1,True,False,False,True,False,False,3,1,0,0.0,0,0,0,0,0.532967032967033,Toss-up,0.46703296703296704,Win
2026-520|85,2026-05-28,2026,2026-520,Roland Garros,Grand Slam,Clay,O,R64,5,7-5 4-6 3-6 7-6(4) 6-3,241.0,completed,T0HA,Learner Tien,18.0,18.0,,D0CG,Facundo Diaz Acosta,ARG,151.0,,W,1,9.0,9.0,168.0,125.0,79.0,15.0,25.0,11.0,19.0,6.0,15.0,133.0,0,0,0.7440476190476191,0.632,0.3488372093023256,0.5789473684210527,15.0,9.0,0.6,0.05357142857142857,0.05357142857142857,5,3,2,1,1,0,True,False,False,True,True,True,3,2,1,1.0,0,1,1,0,0.893491124260355,Expected win,0.10650887573964496,Win
2026-520|87,2026-05-28,2026,2026-520,Roland Garros,Grand Slam,Clay,O,R64,5,6-7(5) 7-6(5) 6-4 6-7(1) 6-4,287.0,completed,TD51,Frances Tiafoe,22.0,19.0,,HB71,Hubert Hurkacz,POL,99.0,,W,1,15.0,2.0,171.0,98.0,81.0,40.0,28.0,5.0,7.0,7.0,11.0,77.0,0,0,0.5730994152046783,0.826530612244898,0.547945205479452,0.7142857142857143,11.0,4.0,0.36363636363636365,0.08771929824561403,0.011695906432748537,5,3,2,3,1,2,False,False,False,True,True,True,3,2,1,0.3333333333333333,0,1,1,1,0.8181818181818182,Expected win,0.18181818181818177,Win
2026-520|103,2026-05-29,2026,2026-520,Roland Garros,Grand Slam,Clay,O,R32,5,4-6 6-7(4) 6-4 7-6(4) 7-5,287.0,completed,PL56,Tommy Paul,21.0,24,,RH16,Casper Ruud,NOR,16.0,15.0,L,0,14.0,5.0,161.0,95.0,75.0,38.0,28.0,0.0,3.0,12.0,14.0,-5.0,0,0,0.5900621118012422,0.7894736842105263,0.5757575757575758,0.0,14.0,2.0,0.14285714285714285,0.08695652173913043,0.031055900621118012,5,3,2,2,1,1,False,False,False,True,True,True,2,3,1,0.5,0,0,0,0,0.43243243243243246,Toss-up,-0.43243243243243246,Loss
2026-520|91,2026-05-29,2026,2026-520,Roland Garros,Grand Slam,Clay,O,R64,5,6-4 7-5 6-4,123.0,completed,S0S1,Ben Shelton,5.0,5,,C0JP,Raphael Collignon,BEL,62.0,,L,0,10.0,2.0,89.0,58.0,40.0,20.0,16.0,3.0,6.0,0.0,0.0,57.0,0,1,0.651685393258427,0.6896551724137931,0.6451612903225806,0.5,0.0,0.0,,0.11235955056179775,0.02247191011235955,3,3,0,0,0,0,True,False,False,True,False,False,0,3,0,,0,0,0,0,0.9253731343283582,Expected win,-0.9253731343283582,Unexpected loss
2026-520|94,2026-05-29,2026,2026-520,Roland Garros,Grand Slam,Clay,O,R64,5,6-7(5) 6-4 5-7 6-1 6-3,278.0,completed,N0AE,Brandon Nakashima,35.0,31.0,,V0DZ,Luca Van Assche,FRA,100.0,,W,1,12.0,0.0,145.0,91.0,75.0,24.0,25.0,5.0,8.0,7.0,14.0,65.0,0,0,0.6275862068965518,0.8241758241758241,0.4444444444444444,0.625,14.0,7.0,0.5,0.08275862068965517,0.0,5,3,2,1,0,1,False,False,False,True,True,True,3,2,0,0.0,0,1,1,1,0.7407407407407407,Expected win,0.2592592592592593,Win
2026-520|99,2026-05-29,2026,2026-520,Roland Garros,Grand Slam,Clay,O,R32,5,7-6(2) 6-7(5) 4-6 6-3 6-3,257.0,completed,M0QI,Alex Michelsen,42.0,,,J0DZ,Rafael Jodar,ESP,29.0,27.0,L,0,7.0,5.0,187.0,129.0,82.0,25.0,26.0,8.0,16.0,5.0,11.0,-13.0,0,0,0.6898395721925134,0.6356589147286822,0.43103448275862066,0.5,11.0,6.0,0.5454545454545454,0.0374331550802139,0.026737967914438502,5,3,2,2,1,1,True,False,False,True,True,True,2,3,1,0.5,0,0,0,0,0.4084507042253521,Toss-up,-0.4084507042253521,Loss
2026-520|105,2026-05-30,2026,2026-520,Roland Garros,Grand Slam,Clay,O,R32,5,6-2 6-2 6-3,109.0,completed,T0HA,Learner Tien,18.0,18,,C0E9,Flavio Cobolli,ITA,14.0,10.0,L,0,3.0,7.0,86.0,47.0,26.0,17.0,13.0,6.0,13.0,3.0,4.0,-4.0,0,0,0.5465116279069767,0.5531914893617021,0.4358974358974359,0.46153846153846156,4.0,1.0,0.25,0.03488372093023256,0.08139534883720931,3,3,0,0,0,0,True,False,False,True,False,False,0,3,0,,0,0,0,0,0.4375,Toss-up,-0.4375,Loss
2026-520|106,2026-05-30,2026,2026-520,Roland Garros,Grand Slam,Clay,O,R32,5,6-3 6-4 3-6 4-6 6-3,185.0,completed,S0K7,Zachary Svajda,85.0,,,C0AU,Francisco Cerundolo,ARG,26.0,25,W,1,10.0,3.0,149.0,86.0,65.0,30.0,24.0,6.0,11.0,3.0,9.0,-59.0,1,0,0.5771812080536913,0.7558139534883721,0.47619047619047616,0.5454545454545454,9.0,6.0,0.6666666666666666,0.06711409395973154,0.020134228187919462,5,3,2,0,0,0,True,False,False,True,True,True,3,2,0,,0,1,1,0,0.23423423423423423,Expected loss,0.7657657657657657,Upset win
2026-520|111,2026-05-31,2026,2026-520,Roland Garros,Grand Slam,Clay,O,R32,5,5-7 6-1 7-6(4) 7-6(1),231.0,completed,N0AE,Brandon Nakashima,35.0,31,,AG37,Felix Auger-Aliassime,CAN,6.0,4.0,L,0,8.0,1.0,123.0,87.0,66.0,15.0,21.0,2.0,6.0,5.0,8.0,-29.0,0,0,0.7073170731707317,0.7586206896551724,0.4166666666666667,0.3333333333333333,8.0,3.0,0.375,0.06504065040650407,0.008130081300813009,4,3,1,2,2,0,False,False,False,True,False,False,1,3,0,0.0,0,0,0,0,0.14634146341463414,Expected loss,-0.14634146341463414,Loss
2026-520|112,2026-05-31,2026,2026-520,Roland Garros,Grand Slam,Clay,O,R32,5,4-6 6-7(2) 7-6(4) 6-1 6-2,245.0,completed,TD51,Frances Tiafoe,22.0,19.0,,F0F2,Jaime Faria,POR,115.0,,W,1,15.0,5.0,159.0,93.0,73.0,29.0,24.0,5.0,9.0,7.0,15.0,93.0,0,0,0.5849056603773585,0.7849462365591398,0.4393939393939394,0.5555555555555556,15.0,8.0,0.5333333333333333,0.09433962264150944,0.031446540880503145,5,3,2,2,1,1,False,False,False,True,True,True,3,2,1,0.5,0,1,1,1,0.8394160583941606,Expected win,0.16058394160583944,Win
2026-520|117,2026-06-01,2026,2026-520,Roland Garros,Grand Slam,Clay,O,R16,5,6-2 6-3 6-7(3) 7-6(5),201.0,completed,S0K7,Zachary Svajda,85.0,,,C0E9,Flavio Cobolli,ITA,14.0,10.0,L,0,8.0,5.0,139.0,81.0,52.0,29.0,21.0,10.0,17.0,5.0,8.0,-71.0,0,0,0.5827338129496403,0.6419753086419753,0.5,0.5882352941176471,8.0,3.0,0.375,0.05755395683453238,0.03597122302158273,4,3,1,2,1,1,True,False,False,True,False,False,1,3,1,0.5,0,0,0,0,0.1414141414141414,Expected loss,-0.1414141414141414,Loss
2026-520|120,2026-06-02,2026,2026-520,Roland Garros,Grand Slam,Clay,O,R16,5,7-6(5) 6-7(5) 3-6 7-6(3) 6-4,330.0,completed,TD51,Frances Tiafoe,22.0,19,,A0FC,Matteo Arnaldi,ITA,104.0,,L,0,8.0,8.0,199.0,110.0,68.0,44.0,28.0,8.0,16.0,17.0,25.0,82.0,0,1,0.5527638190954773,0.6181818181818182,0.4943820224719101,0.5,25.0,8.0,0.32,0.04020100502512563,0.04020100502512563,5,3,2,3,2,1,True,False,False,True,True,True,2,3,1,0.3333333333333333,0,0,0,0,0.8253968253968254,Expected win,-0.8253968253968254,Unexpected loss
2026-540|10,2026-06-29,2026,2026-540,Wimbledon,Grand Slam,Grass,O,R128,5,7-6(5) 6-7(5) 7-6(2) 7-6(5),219.0,completed,D0DT,Martin Damm,106.0,,,TA29,Marco Trungelliti,ARG,94.0,,W,1,28.0,5.0,171.0,112.0,90.0,29.0,24.0,10.0,11.0,8.0,9.0,-12.0,1,0,0.6549707602339181,0.8035714285714286,0.4915254237288136,0.9090909090909091,9.0,1.0,0.1111111111111111,0.16374269005847952,0.029239766081871343,4,3,1,4,3,1,True,False,False,True,False,False,3,1,3,0.75,0,0,0,0,0.47,Toss-up,0.53,Win
2026-540|14,2026-06-29,2026,2026-540,Wimbledon,Grand Slam,Grass,O,R128,5,6-3 7-5 7-5,124.0,completed,B0EJ,Tristan Boyer,191.0,,Q,BT72,Nuno Borges,POR,48.0,,L,0,9.0,7.0,109.0,72.0,48.0,17.0,16.0,9.0,13.0,5.0,6.0,-143.0,0,0,0.6605504587155964,0.6666666666666666,0.4594594594594595,0.6923076923076923,6.0,1.0,0.16666666666666666,0.08256880733944955,0.06422018348623854,3,3,0,0,0,0,True,False,False,True,False,False,0,3,0,,0,0,0,0,0.200836820083682,Expected loss,-0.200836820083682,Loss
2026-540|18,2026-06-29,2026,2026-540,Wimbledon,Grand Slam,Grass,O,R128,5,7-6(7) 7-5 6-2,137.0,completed,Q02L,Ethan Quinn,47.0,,,D0FJ,Luciano Darderi,ITA,16.0,14,W,1,16.0,3.0,100.0,95.0,72.0,1.0,16.0,5.0,6.0,10.0,14.0,-31.0,1,0,0.95,0.7578947368421053,0.2,0.8333333333333334,14.0,4.0,0.2857142857142857,0.16,0.03,3,3,0,1,1,0,True,False,False,True,False,False,3,0,1,1.0,1,0,0,0,0.25396825396825395,Expected loss,0.746031746031746,Upset win
2026-540|19,2026-06-29,2026,2026-540,Wimbledon,Grand Slam,Grass,O,R128,5,6-7(7) 6-2 6-7(2) 6-3 7-6(4),240.0,completed,Z0BZ,Michael Zheng,144.0,,Q,N771,Cameron Norrie,GBR,29.0,26,W,1,21.0,4.0,180.0,115.0,89.0,35.0,27.0,5.0,6.0,9.0,13.0,-115.0,1,0,0.6388888888888888,0.7739130434782608,0.5384615384615384,0.8333333333333334,13.0,4.0,0.3076923076923077,0.11666666666666667,0.022222222222222223,5,3,2,3,1,2,False,False,False,True,True,True,3,2,1,0.3333333333333333,0,1,1,1,0.1676300578034682,Expected loss,0.8323699421965318,Upset win
2026-540|3,2026-06-29,2026,2026-540,Wimbledon,Grand Slam,Grass,O,R128,5,7-6(7) 6-1 6-1,116.0,completed,B0CD,Jenson Brooksby,81.0,,,V832,Aleksandar Vukic,AUS,104.0,,W,1,7.0,0.0,67.0,48.0,42.0,16.0,13.0,0.0,0.0,5.0,10.0,23.0,0,0,0.7164179104477612,0.875,0.8421052631578947,,10.0,5.0,0.5,0.1044776119402985,0.0,3,3,0,1,1,0,True,False,False,True,False,False,3,0,1,1.0,1,0,0,0,0.5621621621621622,Toss-up,0.4378378378378378,Win
2026-540|6,2026-06-29,2026,2026-540,Wimbledon,Grand Slam,Grass,O,R128,5,6-1 6-4 6-7(4) 6-3,179.0,completed,T0HA,Learner Tien,17.0,16.0,,S0GD,Dalibor Svrcina,CZE,112.0,,W,1,11.0,4.0,164.0,120.0,78.0,17.0,21.0,16.0,20.0,6.0,14.0,95.0,0,0,0.7317073170731707,0.65,0.38636363636363635,0.8,14.0,8.0,0.5714285714285714,0.06707317073170732,0.024390243902439025,4,3,1,1,0,1,True,False,False,True,False,False,3,1,0,0.0,0,0,0,0,0.8682170542635659,Expected win,0.13178294573643412,Win
2026-540|7,2026-06-29,2026,2026-540,Wimbledon,Grand Slam,Grass,O,R128,5,6-1 6-2 6-1,72.0,completed,PL56,Tommy Paul,25.0,21.0,,MP20,Alexandre Muller,FRA,126.0,,W,1,12.0,1.0,58.0,40.0,34.0,12.0,11.0,0.0,0.0,9.0,16.0,101.0,0,0,0.6896551724137931,0.85,0.6666666666666666,,16.0,7.0,0.4375,0.20689655172413793,0.017241379310344827,3,3,0,0,0,0,True,False,False,True,False,False,3,0,0,,1,0,0,0,0.8344370860927153,Expected win,0.16556291390728473,Win
2026-540|8,2026-06-29,2026,2026-540,Wimbledon,Grand Slam,Grass,O,R128,5,7-6(3) 3-6 7-5 6-0,166.0,completed,N0AM,Emilio Nava,86.0,,,B0ID,Ignacio Buse,PER,34.0,31.0,L,0,11.0,4.0,126.0,79.0,55.0,20.0,20.0,3.0,9.0,6.0,9.0,-52.0,0,0,0.626984126984127,0.6962025316455697,0.425531914893617,0.3333333333333333,9.0,3.0,0.3333333333333333,0.0873015873015873,0.031746031746031744,4,3,1,1,1,0,True,False,False,True,False,False,1,3,0,0.0,0,0,0,0,0.2833333333333333,Expected loss,-0.2833333333333333,Loss
2026-540|9,2026-06-29,2026,2026-540,Wimbledon,Grand Slam,Grass,O,R128,5,6-3 6-7(2) 6-4 6-0,167.0,completed,K0AZ,Aleksandar Kovacevic,70.0,,,V812,Botic van de Zandschulp,NED,54.0,,L,0,13.0,7.0,116.0,72.0,55.0,15.0,19.0,6.0,12.0,7.0,8.0,-16.0,0,0,0.6206896551724138,0.7638888888888888,0.3409090909090909,0.5,8.0,1.0,0.125,0.11206896551724138,0.0603448275862069,4,3,1,1,0,1,True,False,False,True,False,False,1,3,1,1.0,0,0,0,0,0.43548387096774194,Toss-up,-0.43548387096774194,Loss
2026-540|37,2026-06-30,2026,2026-540,Wimbledon,Grand Slam,Grass,O,R128,5,6-1 6-2 6-4,95.0,completed,S0K7,Zachary Svajda,66.0,,,L0CX,Pablo Llamas Ruiz,ESP,119.0,,W,1,6.0,0.0,66.0,46.0,37.0,16.0,13.0,0.0,0.0,9.0,14.0,53.0,0,0,0.696969696969697,0.8043478260869565,0.8,,14.0,5.0,0.35714285714285715,0.09090909090909091,0.0,3,3,0,0,0,0,True,False,False,True,False,False,3,0,0,,1,0,0,0,0.6432432432432432,Toss-up,0.3567567567567568,Win
2026-540|38,2026-06-30,2026,2026-540,Wimbledon,Grand Slam,Grass,O,R128,5,6-3 7-6(5) 7-5,156.0,completed,N0AE,Brandon Nakashima,31.0,28.0,,P0HT,Jack Pinnington Jones,GBR,138.0,,W,1,7.0,3.0,108.0,74.0,61.0,11.0,17.0,8.0,11.0,3.0,8.0,107.0,0,0,0.6851851851851852,0.8243243243243243,0.3235294117647059,0.7272727272727273,8.0,5.0,0.625,0.06481481481481481,0.027777777777777776,3,3,0,1,1,0,True,False,False,True,False,False,3,0,1,1.0,1,0,0,0,0.8165680473372781,Expected win,0.18343195266272194,Win
2026-540|40,2026-06-30,2026,2026-540,Wimbledon,Grand Slam,Grass,O,R128,5,6-3 6-4 6-3,102.0,completed,FB98,Taylor Fritz,7.0,6.0,,L987,Dusan Lajovic,SRB,153.0,,W,1,14.0,0.0,73.0,48.0,40.0,18.0,14.0,1.0,1.0,6.0,10.0,146.0,0,0,0.6575342465753424,0.8333333333333334,0.72,1.0,10.0,4.0,0.4,0.1917808219178082,0.0,3,3,0,0,0,0,True,False,False,True,False,False,3,0,0,,1,0,0,0,0.95625,Expected win,0.043749999999999956,Win
2026-540|44,2026-06-30,2026,2026-540,Wimbledon,Grand Slam,Grass,O,R128,5,3-6 4-6 6-2 6-3 6-2,209.0,completed,M0QI,Alex Michelsen,46.0,,,F0BY,Jacob Fearnley,GBR,159.0,,L,0,12.0,9.0,147.0,98.0,65.0,21.0,22.0,7.0,13.0,4.0,7.0,113.0,0,1,0.6666666666666666,0.6632653061224489,0.42857142857142855,0.5384615384615384,7.0,3.0,0.42857142857142855,0.08163265306122448,0.061224489795918366,5,3,2,0,0,0,False,False,False,True,True,True,2,3,0,,0,0,0,0,0.775609756097561,Expected win,-0.775609756097561,Unexpected loss
2026-540|46,2026-06-30,2026,2026-540,Wimbledon,Grand Slam,Grass,O,R128,5,6-4 3-6 6-7(8) 6-2 7-6(9),261.0,completed,S0S1,Ben Shelton,5.0,4,,V0AM,Otto Virtanen,FIN,140.0,,L,0,19.0,7.0,186.0,135.0,100.0,26.0,26.0,5.0,8.0,11.0,12.0,135.0,0,1,0.7258064516129032,0.7407407407407407,0.5098039215686274,0.625,12.0,1.0,0.08333333333333333,0.10215053763440861,0.03763440860215054,5,3,2,2,1,1,True,False,False,True,True,True,2,3,1,0.5,0,0,0,0,0.9655172413793104,Expected win,-0.9655172413793104,Unexpected loss
2026-540|51,2026-06-30,2026,2026-540,Wimbledon,Grand Slam,Grass,O,R128,5,3-6 6-1 6-4 6-4,141.0,completed,MK66,Mackenzie McDonald,145.0,,Q,K0A3,Patrick Kypson,USA,113.0,,L,0,8.0,7.0,129.0,89.0,60.0,16.0,18.0,11.0,16.0,1.0,3.0,-32.0,0,0,0.689922480620155,0.6741573033707865,0.4,0.6875,3.0,2.0,0.6666666666666666,0.06201550387596899,0.05426356589147287,4,3,1,0,0,0,False,False,False,True,False,False,1,3,0,,0,0,0,0,0.437984496124031,Toss-up,-0.437984496124031,Loss
2026-540|51,2026-06-30,2026,2026-540,Wimbledon,Grand Slam,Grass,O,R128,5,3-6 6-1 6-4 6-4,141.0,completed,K0A3,Patrick Kypson,113.0,,,MK66,Mackenzie McDonald,USA,145.0,,W,1,16.0,4.0,101.0,70.0,53.0,16.0,18.0,1.0,3.0,11.0,16.0,32.0,0,0,0.693069306930693,0.7571428571428571,0.5161290322580645,0.3333333333333333,16.0,5.0,0.3125,0.15841584158415842,0.039603960396039604,4,3,1,0,0,0,False,False,False,True,False,False,3,1,0,,0,0,0,1,0.562015503875969,Toss-up,0.437984496124031,Win
2026-540|57,2026-06-30,2026,2026-540,Wimbledon,Grand Slam,Grass,O,R128,5,4-6 6-4 7-5 6-4,200.0,completed,GC88,Marcos Giron,92.0,,,MW02,Corentin Moutet,FRA,39.0,,W,1,2.0,2.0,129.0,87.0,59.0,21.0,21.0,3.0,7.0,6.0,12.0,-53.0,1,0,0.6744186046511628,0.6781609195402298,0.5,0.42857142857142855,12.0,6.0,0.5,0.015503875968992248,0.015503875968992248,4,3,1,0,0,0,False,False,False,True,False,False,3,1,0,,0,0,0,1,0.29770992366412213,Expected loss,0.7022900763358779,Upset win
2026-540|62,2026-07-01,2026,2026-540,Wimbledon,Grand Slam,Grass,O,R64,5,6-2 6-2 6-3,96.0,completed,B0CD,Jenson Brooksby,81.0,,,B0ID,Ignacio Buse,PER,34.0,31,W,1,5.0,0.0,69.0,46.0,37.0,12.0,12.0,3.0,4.0,4.0,11.0,-47.0,1,0,0.6666666666666666,0.8043478260869565,0.5217391304347826,0.75,11.0,7.0,0.6363636363636364,0.07246376811594203,0.0,3,3,0,0,0,0,True,False,False,True,False,False,3,0,0,,1,0,0,0,0.2956521739130435,Expected loss,0.7043478260869565,Upset win
2026-540|64,2026-07-01,2026,2026-540,Wimbledon,Grand Slam,Grass,O,R64,5,6-3 7-6(4) 6-2,131.0,completed,PL56,Tommy Paul,25.0,21.0,,KF17,Soonwoo Kwon,KOR,200.0,,W,1,19.0,1.0,93.0,60.0,47.0,20.0,16.0,0.0,1.0,4.0,8.0,175.0,0,0,0.6451612903225806,0.7833333333333333,0.6060606060606061,0.0,8.0,4.0,0.5,0.20430107526881722,0.010752688172043012,3,3,0,1,1,0,True,False,False,True,False,False,3,0,1,1.0,1,0,0,0,0.8888888888888888,Expected win,0.11111111111111116,Win
2026-540|66,2026-07-01,2026,2026-540,Wimbledon,Grand Slam,Grass,O,R64,5,6-7(6) 6-4 7-6(4) 6-3,222.0,completed,T0HA,Learner Tien,17.0,16,,F724,Marton Fucsovics,HUN,76.0,,L,0,6.0,10.0,149.0,102.0,60.0,19.0,21.0,9.0,15.0,14.0,18.0,59.0,0,1,0.6845637583892618,0.5882352941176471,0.40425531914893614,0.6,18.0,4.0,0.2222222222222222,0.040268456375838924,0.06711409395973154,4,3,1,2,1,1,False,False,False,True,False,False,1,3,1,0.5,0,0,0,0,0.8172043010752689,Expected win,-0.8172043010752689,Unexpected loss
2026-540|72,2026-07-01,2026,2026-540,Wimbledon,Grand Slam,Grass,O,R64,5,6-4 7-6(1) 6-3,122.0,completed,D0DT,Martin Damm,106.0,,,RC91,Arthur Rinderknech,FRA,28.0,25.0,L,0,10.0,4.0,99.0,68.0,49.0,16.0,15.0,5.0,7.0,4.0,4.0,-78.0,0,0,0.6868686868686869,0.7205882352941176,0.5161290322580645,0.7142857142857143,4.0,0.0,0.0,0.10101010101010101,0.04040404040404041,3,3,0,1,1,0,True,False,False,True,False,False,0,3,0,0.0,0,0,0,0,0.208955223880597,Expected loss,-0.208955223880597,Loss
2026-540|73,2026-07-01,2026,2026-540,Wimbledon,Grand Slam,Grass,O,R64,5,6-7(4) 7-6(8) 6-1 6-4,227.0,completed,Z0BZ,Michael Zheng,144.0,,Q,M0AW,Nicolas Mejia,COL,165.0,,W,1,20.0,3.0,151.0,100.0,78.0,26.0,21.0,12.0,12.0,4.0,8.0,21.0,0,0,0.6622516556291391,0.78,0.5098039215686274,1.0,8.0,4.0,0.5,0.13245033112582782,0.019867549668874173,4,3,1,2,1,1,False,False,False,True,False,False,3,1,1,0.5,0,0,0,1,0.5339805825242718,Toss-up,0.46601941747572817,Win
2026-540|74,2026-07-01,2026,2026-540,Wimbledon,Grand Slam,Grass,O,R128,5,7-6(6) 6-1 4-6 6-4,148.0,completed,TD51,Frances Tiafoe,19.0,17.0,,A0GC,Terence Atmane,FRA,52.0,,W,1,11.0,6.0,120.0,84.0,66.0,20.0,21.0,7.0,10.0,4.0,9.0,33.0,0,0,0.7,0.7857142857142857,0.5555555555555556,0.7,9.0,5.0,0.5555555555555556,0.09166666666666666,0.05,4,3,1,1,1,0,True,False,False,True,False,False,3,1,1,1.0,0,0,0,0,0.7323943661971831,Expected win,0.2676056338028169,Win
2026-540|75,2026-07-01,2026,2026-540,Wimbledon,Grand Slam,Grass,O,R64,5,6-2 7-6(6) 7-5,156.0,completed,Q02L,Ethan Quinn,47.0,,,M0HU,Shintaro Mochizuki,JPN,151.0,,L,0,12.0,7.0,113.0,79.0,50.0,14.0,16.0,6.0,11.0,10.0,12.0,104.0,0,1,0.6991150442477876,0.6329113924050633,0.4117647058823529,0.5454545454545454,12.0,2.0,0.16666666666666666,0.10619469026548672,0.061946902654867256,3,3,0,1,1,0,True,False,False,True,False,False,0,3,0,0.0,0,0,0,0,0.7626262626262627,Expected win,-0.7626262626262627,Unexpected loss
2026-540|80,2026-07-02,2026,2026-540,Wimbledon,Grand Slam,Grass,O,R64,5,6-2 6-2 7-5,97.0,completed,K0A3,Patrick Kypson,113.0,,,FB98,Taylor Fritz,USA,7.0,6.0,L,0,3.0,6.0,115.0,65.0,38.0,23.0,14.0,13.0,19.0,0.0,1.0,-106.0,0,0,0.5652173913043478,0.5846153846153846,0.46,0.6842105263157895,1.0,1.0,1.0,0.02608695652173913,0.05217391304347826,3,3,0,0,0,0,True,False,False,True,False,False,0,3,0,,0,0,0,0,0.058333333333333334,Expected loss,-0.058333333333333334,Loss
2026-540|80,2026-07-02,2026,2026-540,Wimbledon,Grand Slam,Grass,O,R64,5,6-2 6-2 7-5,97.0,completed,FB98,Taylor Fritz,7.0,6.0,,K0A3,Patrick Kypson,USA,113.0,,W,1,19.0,3.0,73.0,54.0,44.0,10.0,14.0,0.0,1.0,13.0,19.0,106.0,0,0,0.7397260273972602,0.8148148148148148,0.5263157894736842,0.0,19.0,6.0,0.3157894736842105,0.2602739726027397,0.0410958904109589,3,3,0,0,0,0,True,False,False,True,False,False,3,0,0,,1,0,0,0,0.9416666666666667,Expected win,0.05833333333333335,Win
2026-540|85,2026-07-02,2026,2026-540,Wimbledon,Grand Slam,Grass,O,R64,5,4-6 7-6(6) 7-6(5) 6-7(6) 7-6(7),260.0,completed,N0AE,Brandon Nakashima,31.0,28,,SL28,Jan-Lennard Struff,GER,74.0,,L,0,41.0,2.0,195.0,151.0,115.0,27.0,30.0,5.0,6.0,10.0,12.0,43.0,0,1,0.7743589743589744,0.7615894039735099,0.6136363636363636,0.8333333333333334,12.0,2.0,0.16666666666666666,0.21025641025641026,0.010256410256410256,5,3,2,4,3,1,False,False,False,True,True,True,2,3,1,0.25,0,0,0,0,0.7047619047619048,Expected win,-0.7047619047619048,Unexpected loss
2026-540|90,2026-07-02,2026,2026-540,Wimbledon,Grand Slam,Grass,O,R64,5,7-6(5) 6-3 6-4,130.0,completed,GC88,Marcos Giron,92.0,,,HB64,Quentin Halys,FRA,95.0,,W,1,8.0,4.0,110.0,90.0,62.0,7.0,16.0,6.0,8.0,4.0,8.0,3.0,0,0,0.8181818181818182,0.6888888888888889,0.35,0.75,8.0,4.0,0.5,0.07272727272727272,0.03636363636363636,3,3,0,1,1,0,True,False,False,True,False,False,3,0,1,1.0,1,0,0,0,0.5080213903743316,Toss-up,0.4919786096256684,Win
2026-540|92,2026-07-02,2026,2026-540,Wimbledon,Grand Slam,Grass,O,R64,5,2-6 6-2 6-7(5) 6-4 6-3,167.0,completed,S0K7,Zachary Svajda,66.0,,,MQ75,Kamil Majchrzak,POL,45.0,,W,1,11.0,7.0,147.0,99.0,69.0,27.0,23.0,9.0,12.0,4.0,10.0,-21.0,1,0,0.673469387755102,0.696969696969697,0.5625,0.75,10.0,6.0,0.6,0.07482993197278912,0.047619047619047616,5,3,2,1,0,1,False,False,False,True,True,True,3,2,0,0.0,0,1,1,1,0.40540540540540543,Toss-up,0.5945945945945945,Win
2026-540|95,2026-07-02,2026,2026-540,Wimbledon,Grand Slam,Grass,O,R64,5,4-6 6-2 7-5 6-2,181.0,completed,TD51,Frances Tiafoe,19.0,17.0,,CH12,Jan Choinski,GBR,100.0,,W,1,9.0,5.0,139.0,84.0,64.0,28.0,19.0,11.0,12.0,6.0,11.0,81.0,0,0,0.60431654676259,0.7619047619047619,0.509090909090909,0.9166666666666666,11.0,5.0,0.45454545454545453,0.06474820143884892,0.03597122302158273,4,3,1,0,0,0,False,False,False,True,False,False,3,1,0,,0,0,0,1,0.8403361344537815,Expected win,0.15966386554621848,Win
2026-540|100,2026-07-03,2026,2026-540,Wimbledon,Grand Slam,Grass,O,R32,5,6-4 6-3 6-4,131.0,completed,B0CD,Jenson Brooksby,81.0,,,S0AG,Jannik Sinner,ITA,1.0,1.0,L,0,3.0,4.0,91.0,61.0,38.0,12.0,15.0,7.0,13.0,3.0,5.0,-80.0,0,0,0.6703296703296703,0.6229508196721312,0.4,0.5384615384615384,5.0,2.0,0.4,0.03296703296703297,0.04395604395604396,3,3,0,0,0,0,True,False,False,True,False,False,0,3,0,,0,0,0,0,0.012195121951219513,Expected loss,-0.012195121951219513,Loss
2026-540|102,2026-07-03,2026,2026-540,Wimbledon,Grand Slam,Grass,O,R32,5,4-6 7-6(5) 7-5 6-2,190.0,completed,PL56,Tommy Paul,25.0,21,,HB71,Hubert Hurkacz,POL,96.0,,L,0,6.0,6.0,138.0,80.0,57.0,34.0,21.0,4.0,7.0,4.0,5.0,71.0,0,1,0.5797101449275363,0.7125,0.5862068965517241,0.5714285714285714,5.0,1.0,0.2,0.043478260869565216,0.043478260869565216,4,3,1,1,1,0,False,False,False,True,False,False,1,3,0,0.0,0,0,0,0,0.7933884297520661,Expected win,-0.7933884297520661,Unexpected loss
2026-540|104,2026-07-03,2026,2026-540,Wimbledon,Grand Slam,Grass,O,R32,5,7-6(1) 6-2 6-1,137.0,completed,Z0BZ,Michael Zheng,144.0,,Q,AG37,Felix Auger-Aliassime,CAN,29.0,3.0,L,0,4.0,1.0,85.0,54.0,31.0,18.0,14.0,5.0,10.0,2.0,2.0,-115.0,0,0,0.6352941176470588,0.5740740740740741,0.5806451612903226,0.5,2.0,0.0,0.0,0.047058823529411764,0.011764705882352941,3,3,0,1,1,0,True,False,False,True,False,False,0,3,0,0.0,0,0,0,0,0.1676300578034682,Expected loss,-0.1676300578034682,Loss
2026-540|105,2026-07-04,2026,2026-540,Wimbledon,Grand Slam,Grass,O,R32,5,6-2 5-7 6-2 6-4,161.0,completed,S0K7,Zachary Svajda,66.0,,,DH58,Alex de Minaur,AUS,6.0,5.0,L,0,10.0,2.0,121.0,71.0,52.0,15.0,19.0,10.0,18.0,7.0,11.0,-60.0,0,0,0.5867768595041323,0.7323943661971831,0.3,0.5555555555555556,11.0,4.0,0.36363636363636365,0.08264462809917356,0.01652892561983471,4,3,1,0,0,0,True,False,False,True,False,False,1,3,0,,0,0,0,0,0.08333333333333333,Expected loss,-0.08333333333333333,Loss
2026-540|107,2026-07-04,2026,2026-540,Wimbledon,Grand Slam,Grass,O,R32,5,6-2 7-6(4) 6-4,155.0,completed,GC88,Marcos Giron,92.0,,,Z355,Alexander Zverev,GER,3.0,2.0,L,0,1.0,2.0,112.0,71.0,55.0,14.0,15.0,16.0,20.0,3.0,4.0,-89.0,0,0,0.6339285714285714,0.7746478873239436,0.34146341463414637,0.8,4.0,1.0,0.25,0.008928571428571428,0.017857142857142856,3,3,0,1,1,0,True,False,False,True,False,False,0,3,0,0.0,0,0,0,0,0.031578947368421054,Expected loss,-0.031578947368421054,Loss
2026-540|110,2026-07-04,2026,2026-540,Wimbledon,Grand Slam,Grass,O,R32,5,4-6 7-6(5) 7-6(11) 4-6 6-3,247.0,completed,TD51,Frances Tiafoe,19.0,17,,BK92,Alexander Bublik,KAZ,11.0,10.0,L,0,12.0,7.0,190.0,113.0,86.0,46.0,26.0,9.0,10.0,7.0,9.0,-8.0,0,0,0.5947368421052631,0.7610619469026548,0.5974025974025974,0.9,9.0,2.0,0.2222222222222222,0.06315789473684211,0.03684210526315789,5,3,2,2,2,0,False,False,False,True,True,True,2,3,0,0.0,0,0,0,0,0.36666666666666664,Toss-up,-0.36666666666666664,Loss
2026-540|111,2026-07-04,2026,2026-540,Wimbledon,Grand Slam,Grass,O,R32,5,4-6 6-3 6-4 7-6(5),153.0,completed,FB98,Taylor Fritz,7.0,6.0,,SU87,Lorenzo Sonego,ITA,69.0,,W,1,13.0,1.0,124.0,87.0,69.0,24.0,21.0,4.0,5.0,2.0,4.0,62.0,0,0,0.7016129032258065,0.7931034482758621,0.6486486486486487,0.8,4.0,2.0,0.5,0.10483870967741936,0.008064516129032258,4,3,1,1,1,0,False,False,False,True,False,False,3,1,1,1.0,0,0,0,1,0.9078947368421053,Expected win,0.09210526315789469,Win
2026-540|118,2026-07-06,2026,2026-540,Wimbledon,Grand Slam,Grass,O,R16,5,7-6(1) 6-4 6-4,98.0,completed,FB98,Taylor Fritz,7.0,6.0,,BK92,Alexander Bublik,KAZ,11.0,10,W,1,23.0,1.0,93.0,57.0,51.0,20.0,16.0,2.0,3.0,1.0,4.0,4.0,0,0,0.6129032258064516,0.8947368421052632,0.5555555555555556,0.6666666666666666,4.0,3.0,0.75,0.24731182795698925,0.010752688172043012,3,3,0,1,1,0,True,False,False,True,False,False,3,0,1,1.0,1,0,0,0,0.6111111111111112,Toss-up,0.38888888888888884,Win
2026-540|123,2026-07-08,2026,2026-540,Wimbledon,Grand Slam,Grass,O,QF,5,6-4 6-4 6-2,118.0,completed,FB98,Taylor Fritz,7.0,6,,Z355,Alexander Zverev,GER,3.0,2.0,L,0,17.0,2.0,87.0,60.0,42.0,12.0,14.0,2.0,6.0,4.0,4.0,-4.0,0,0,0.6896551724137931,0.7,0.4444444444444444,0.3333333333333333,4.0,0.0,0.0,0.19540229885057472,0.022988505747126436,3,3,0,0,0,0,True,False,False,True,False,False,0,3,0,,0,0,0,0,0.3,Expected loss,-0.3,Loss
2026-421|10,2026-08-04,2026,2026-421,Canada Masters,Masters 1000,Hard,O,R128,3,6-4 4-6 7-6(5),166.0,completed,Z0BZ,Michael Zheng,754.0,,Q,KI95,Miomir Kecmanovic,SRB,55.0,,L,0,7.0,6.0,110.0,67.0,48.0,19.0,16.0,4.0,8.0,11.0,15.0,-699.0,0,0,0.6090909090909091,0.7164179104477612,0.4418604651162791,0.5,15.0,4.0,0.26666666666666666,0.06363636363636363,0.05454545454545454,3,2,1,1,1,0,True,False,False,True,True,False,1,2,0,0.0,0,0,0,0,0.06798516687268233,Expected loss,-0.06798516687268233,Loss
2026-421|11,2026-08-04,2026,2026-421,Canada Masters,Masters 1000,Hard,O,R128,3,6-1 3-6 6-1,86.0,completed,M0QI,Alex Michelsen,41.0,,,SL28,Jan-Lennard Struff,GER,42.0,,W,1,4.0,3.0,68.0,43.0,34.0,14.0,12.0,0.0,1.0,2.0,6.0,1.0,0,0,0.6323529411764706,0.7906976744186046,0.56,0.0,6.0,4.0,0.6666666666666666,0.058823529411764705,0.04411764705882353,3,2,1,0,0,0,True,False,False,True,True,False,2,1,0,,0,1,0,0,0.5060240963855421,Toss-up,0.49397590361445787,Win
2026-421|20,2026-08-04,2026,2026-421,Canada Masters,Masters 1000,Hard,O,R128,3,6-3 6-4,88.0,completed,B0CD,Jenson Brooksby,1091.0,,,W09E,Adam Walton,AUS,91.0,,W,1,6.0,0.0,67.0,46.0,33.0,14.0,10.0,3.0,3.0,0.0,2.0,-1000.0,1,0,0.6865671641791045,0.717391304347826,0.6666666666666666,1.0,2.0,2.0,1.0,0.08955223880597014,0.0,2,2,0,0,0,0,True,False,False,True,False,False,2,0,0,,1,0,0,0,0.07698815566835872,Expected loss,0.9230118443316413,Upset win
2026-421|21,2026-08-04,2026,2026-421,Canada Masters,Masters 1000,Hard,O,R128,3,7-5 4-6 6-2,113.0,completed,GC88,Marcos Giron,45.0,,Q,HB71,Hubert Hurkacz,POL,18.0,,L,0,2.0,3.0,88.0,46.0,30.0,25.0,15.0,2.0,5.0,2.0,3.0,-27.0,0,0,0.5227272727272727,0.6521739130434783,0.5952380952380952,0.4,3.0,1.0,0.3333333333333333,0.022727272727272728,0.03409090909090909,3,2,1,0,0,0,True,False,False,True,True,False,1,2,0,,0,0,0,0,0.2857142857142857,Expected loss,-0.2857142857142857,Loss
2026-421|22,2026-08-04,2026,2026-421,Canada Masters,Masters 1000,Hard,O,R128,3,6-4 6-4,88.0,completed,D0DT,Martin Damm,326.0,,Q,TE51,Stefanos Tsitsipas,GRE,11.0,,L,0,6.0,3.0,68.0,42.0,24.0,13.0,10.0,4.0,8.0,1.0,3.0,-315.0,0,0,0.6176470588235294,0.5714285714285714,0.5,0.5,3.0,2.0,0.6666666666666666,0.08823529411764706,0.04411764705882353,2,2,0,0,0,0,True,False,False,True,False,False,0,2,0,,0,0,0,0,0.032640949554896145,Expected loss,-0.032640949554896145,Loss
2026-421|28,2026-08-04,2026,2026-421,Canada Masters,Masters 1000,Hard,O,R128,3,4-6 6-4 3-0 RET,100.0,completed,S0K7,Zachary Svajda,165.0,,,SU55,Denis Shapovalov,CAN,58.0,,W,1,0.0,2.0,67.0,44.0,33.0,12.0,12.0,1.0,3.0,6.0,9.0,-107.0,1,0,0.6567164179104478,0.75,0.5217391304347826,0.3333333333333333,9.0,3.0,0.3333333333333333,0.0,0.029850746268656716,3,2,1,0,0,0,False,True,False,True,True,False,2,1,0,,0,1,0,1,0.2600896860986547,Expected loss,0.7399103139013453,Upset win
2026-421|8,2026-08-04,2026,2026-421,Canada Masters,Masters 1000,Hard,O,R128,3,6-7(7) 6-2 6-4,147.0,completed,K0AZ,Aleksandar Kovacevic,108.0,,,BT72,Nuno Borges,POR,36.0,,L,0,4.0,7.0,105.0,50.0,37.0,26.0,15.0,4.0,8.0,4.0,5.0,-72.0,0,0,0.47619047619047616,0.74,0.4727272727272727,0.5,5.0,1.0,0.2,0.0380952380952381,0.06666666666666667,3,2,1,1,0,1,False,False,False,True,True,False,1,2,1,1.0,0,0,0,0,0.25,Expected loss,-0.25,Loss
2026-421|29,2026-08-05,2026,2026-421,Canada Masters,Masters 1000,Hard,O,R64,3,6-2 6-1,63.0,completed,N0AE,Brandon Nakashima,31.0,28.0,,AE14,Daniel Altmaier,GER,93.0,,W,1,6.0,1.0,41.0,26.0,24.0,9.0,8.0,3.0,3.0,3.0,7.0,62.0,0,0,0.6341463414634146,0.9230769230769231,0.6,1.0,7.0,4.0,0.5714285714285714,0.14634146341463414,0.024390243902439025,2,2,0,0,0,0,True,False,False,True,False,False,2,0,0,,1,0,0,0,0.75,Expected win,0.25,Win
2026-421|39,2026-08-05,2026,2026-421,Canada Masters,Masters 1000,Hard,O,R64,3,5-7 6-2 6-2,136.0,completed,TD51,Frances Tiafoe,20.0,15.0,,C977,Marin Cilic,CRO,182.0,,W,1,9.0,2.0,77.0,49.0,41.0,16.0,14.0,5.0,6.0,3.0,7.0,162.0,0,0,0.6363636363636364,0.8367346938775511,0.5714285714285714,0.8333333333333334,7.0,4.0,0.5714285714285714,0.11688311688311688,0.025974025974025976,3,2,1,0,0,0,False,False,False,True,True,False,2,1,0,,0,1,0,1,0.900990099009901,Expected win,0.09900990099009899,Win
2026-421|46,2026-08-05,2026,2026-421,Canada Masters,Masters 1000,Hard,O,R64,3,6-3 7-5,96.0,completed,S0S1,Ben Shelton,10.0,5.0,,B0CD,Jenson Brooksby,USA,1091.0,,W,1,3.0,4.0,61.0,40.0,30.0,13.0,11.0,2.0,3.0,6.0,9.0,1081.0,0,0,0.6557377049180327,0.75,0.6190476190476191,0.6666666666666666,9.0,3.0,0.3333333333333333,0.04918032786885246,0.06557377049180328,2,2,0,0,0,0,True,False,False,True,False,False,2,0,0,,1,0,0,0,0.9909173478655767,Expected win,0.009082652134423275,Win
2026-421|46,2026-08-05,2026,2026-421,Canada Masters,Masters 1000,Hard,O,R64,3,6-3 7-5,96.0,completed,B0CD,Jenson Brooksby,1091.0,,,S0S1,Ben Shelton,USA,10.0,5.0,L,0,1.0,0.0,66.0,44.0,27.0,14.0,10.0,6.0,9.0,2.0,3.0,-1081.0,0,0,0.6666666666666666,0.6136363636363636,0.6363636363636364,0.6666666666666666,3.0,1.0,0.3333333333333333,0.015151515151515152,0.0,2,2,0,0,0,0,True,False,False,True,False,False,0,2,0,,0,0,0,0,0.009082652134423252,Expected loss,-0.009082652134423252,Loss
2026-421|50,2026-08-05,2026,2026-421,Canada Masters,Masters 1000,Hard,O,R64,3,7-5 6-3,88.0,completed,FB98,Taylor Fritz,8.0,7,,T0A1,Thiago Agustin Tirante,ARG,115.0,,L,0,4.0,1.0,73.0,40.0,25.0,18.0,11.0,3.0,6.0,4.0,4.0,107.0,0,1,0.547945205479452,0.625,0.5454545454545454,0.5,4.0,0.0,0.0,0.0547945205479452,0.0136986301369863,2,2,0,0,0,0,True,False,False,True,False,False,0,2,0,,0,0,0,0,0.9349593495934959,Expected win,-0.9349593495934959,Unexpected loss
2026-421|51,2026-08-05,2026,2026-421,Canada Masters,Masters 1000,Hard,O,R64,3,6-4 3-6 6-1,98.0,completed,S0K7,Zachary Svajda,165.0,,,F0F1,Arthur Fils,FRA,24.0,18.0,L,0,4.0,3.0,83.0,45.0,30.0,14.0,13.0,3.0,8.0,5.0,8.0,-141.0,0,0,0.5421686746987951,0.6666666666666666,0.3684210526315789,0.375,8.0,3.0,0.375,0.04819277108433735,0.03614457831325301,3,2,1,0,0,0,True,False,False,True,True,False,1,2,0,,0,0,0,0,0.12698412698412698,Expected loss,-0.12698412698412698,Loss
2026-421|56,2026-08-06,2026,2026-421,Canada Masters,Masters 1000,Hard,O,R64,3,6-3 6-4,88.0,completed,M0QI,Alex Michelsen,41.0,,,C0AU,Francisco Cerundolo,ARG,23.0,16,W,1,3.0,3.0,69.0,36.0,24.0,23.0,10.0,9.0,9.0,4.0,6.0,-18.0,1,0,0.5217391304347826,0.6666666666666666,0.696969696969697,1.0,6.0,2.0,0.3333333333333333,0.043478260869565216,0.043478260869565216,2,2,0,0,0,0,True,False,False,True,False,False,2,0,0,,1,0,0,0,0.359375,Toss-up,0.640625,Win
2026-421|62,2026-08-06,2026,2026-421,Canada Masters,Masters 1000,Hard,O,R64,3,6-3 0-6 6-3,122.0,completed,T0HA,Learner Tien,19.0,12.0,,MC65,Gael Monfils,FRA,52.0,,W,1,3.0,5.0,94.0,60.0,37.0,16.0,12.0,9.0,13.0,6.0,10.0,33.0,0,0,0.6382978723404256,0.6166666666666667,0.47058823529411764,0.6923076923076923,10.0,4.0,0.4,0.031914893617021274,0.05319148936170213,3,2,1,0,0,0,True,False,False,True,True,False,2,1,0,,0,1,0,0,0.7323943661971831,Expected win,0.2676056338028169,Win
2026-421|63,2026-08-06,2026,2026-421,Canada Masters,Masters 1000,Hard,O,R64,3,6-4 7-6(5),124.0,completed,PL56,Tommy Paul,21.0,17.0,,R0EB,Valentin Royer,FRA,203.0,,W,1,7.0,4.0,89.0,54.0,40.0,17.0,11.0,8.0,9.0,3.0,5.0,182.0,0,0,0.6067415730337079,0.7407407407407407,0.4857142857142857,0.8888888888888888,5.0,2.0,0.4,0.07865168539325842,0.0449438202247191,2,2,0,1,1,0,True,False,False,True,False,False,2,0,1,1.0,1,0,0,0,0.90625,Expected win,0.09375,Win
2026-421|71,2026-08-07,2026,2026-421,Canada Masters,Masters 1000,Hard,O,R32,3,4-6 6-2 7-5,151.0,completed,N0AE,Brandon Nakashima,31.0,28.0,,D0DW,Titouan Droguet,FRA,185.0,,W,1,5.0,1.0,77.0,45.0,38.0,20.0,15.0,4.0,6.0,11.0,15.0,154.0,0,0,0.5844155844155844,0.8444444444444444,0.625,0.6666666666666666,15.0,4.0,0.26666666666666666,0.06493506493506493,0.012987012987012988,3,2,1,0,0,0,False,False,False,True,True,False,2,1,0,,0,1,0,1,0.8564814814814815,Expected win,0.1435185185185185,Win
2026-421|72,2026-08-07,2026,2026-421,Canada Masters,Masters 1000,Hard,O,R32,3,6-2 2-0 RET,57.0,completed,TD51,Frances Tiafoe,20.0,15,,RC91,Arthur Rinderknech,FRA,29.0,23.0,L,0,0.0,2.0,50.0,20.0,10.0,14.0,5.0,9.0,12.0,0.0,0.0,9.0,0,1,0.4,0.5,0.4666666666666667,0.75,0.0,0.0,,0.0,0.04,2,2,0,0,0,0,True,True,False,True,False,False,0,2,0,,0,0,0,0,0.5918367346938775,Toss-up,-0.5918367346938775,Loss
2026-421|74,2026-08-07,2026,2026-421,Canada Masters,Masters 1000,Hard,O,R32,3,6-4 6-7(4) 6-1,133.0,completed,M0QI,Alex Michelsen,41.0,,,M0N7,Daniel Merida,ESP,296.0,,L,0,2.0,3.0,97.0,59.0,42.0,13.0,14.0,7.0,12.0,4.0,6.0,255.0,0,1,0.6082474226804123,0.711864406779661,0.34210526315789475,0.5833333333333334,6.0,2.0,0.3333333333333333,0.020618556701030927,0.030927835051546393,3,2,1,1,0,1,True,False,False,True,True,False,1,2,1,1.0,0,0,0,0,0.8783382789317508,Expected win,-0.8783382789317508,Unexpected loss
2026-421|76,2026-08-08,2026,2026-421,Canada Masters,Masters 1000,Hard,O,R32,3,6-3 6-2,64.0,completed,S0S1,Ben Shelton,10.0,5.0,,BU13,Zizou Bergs,BEL,34.0,31,W,1,8.0,0.0,43.0,30.0,26.0,10.0,9.0,0.0,0.0,2.0,5.0,24.0,0,0,0.6976744186046512,0.8666666666666667,0.7692307692307693,,5.0,3.0,0.6,0.18604651162790697,0.0,2,2,0,0,0,0,True,False,False,True,False,False,2,0,0,,1,0,0,0,0.7727272727272727,Expected win,0.2272727272727273,Win
2026-421|81,2026-08-08,2026,2026-421,Canada Masters,Masters 1000,Hard,O,R32,3,6-3 6-2,78.0,completed,T0HA,Learner Tien,19.0,12.0,,PL56,Tommy Paul,USA,21.0,17,W,1,0.0,3.0,55.0,37.0,26.0,7.0,8.0,3.0,5.0,6.0,12.0,2.0,0,0,0.6727272727272727,0.7027027027027027,0.3888888888888889,0.6,12.0,6.0,0.5,0.0,0.05454545454545454,2,2,0,0,0,0,True,False,False,True,False,False,2,0,0,,1,0,0,0,0.525,Toss-up,0.475,Win
2026-421|81,2026-08-08,2026,2026-421,Canada Masters,Masters 1000,Hard,O,R32,3,6-3 6-2,78.0,completed,PL56,Tommy Paul,21.0,17,,T0HA,Learner Tien,USA,19.0,12.0,L,0,4.0,1.0,54.0,32.0,18.0,9.0,9.0,6.0,12.0,3.0,5.0,-2.0,0,0,0.5925925925925926,0.5625,0.4090909090909091,0.5,5.0,2.0,0.4,0.07407407407407407,0.018518518518518517,2,2,0,0,0,0,True,False,False,True,False,False,0,2,0,,0,0,0,0,0.475,Toss-up,-0.475,Loss
2026-421|82,2026-08-09,2026,2026-421,Canada Masters,Masters 1000,Hard,O,R16,3,7-6(4) 5-7 7-5,171.0,completed,N0AE,Brandon Nakashima,31.0,28.0,,RC91,Arthur Rinderknech,FRA,29.0,23,W,1,16.0,2.0,107.0,69.0,51.0,21.0,18.0,2.0,5.0,6.0,9.0,-2.0,1,0,0.6448598130841121,0.7391304347826086,0.5526315789473685,0.4,9.0,3.0,0.3333333333333333,0.14953271028037382,0.018691588785046728,3,2,1,1,1,0,True,False,False,True,True,False,2,1,1,1.0,0,1,0,0,0.48333333333333334,Toss-up,0.5166666666666666,Win
2026-421|85,2026-08-09,2026,2026-421,Canada Masters,Masters 1000,Hard,O,R16,3,6-4 6-4,109.0,completed,T0HA,Learner Tien,19.0,12.0,,T0A1,Thiago Agustin Tirante,ARG,115.0,,W,1,2.0,1.0,80.0,59.0,37.0,9.0,10.0,8.0,10.0,8.0,12.0,96.0,0,0,0.7375,0.6271186440677966,0.42857142857142855,0.8,12.0,4.0,0.3333333333333333,0.025,0.0125,2,2,0,0,0,0,True,False,False,True,False,False,2,0,0,,1,0,0,0,0.8582089552238806,Expected win,0.14179104477611937,Win
2026-421|87,2026-08-10,2026,2026-421,Canada Masters,Masters 1000,Hard,O,R16,3,6-3 7-6(3),108.0,completed,S0S1,Ben Shelton,10.0,5.0,,F0FV,Joao Fonseca,BRA,27.0,22,W,1,5.0,1.0,63.0,45.0,35.0,12.0,11.0,3.0,5.0,3.0,6.0,17.0,0,0,0.7142857142857143,0.7777777777777778,0.6666666666666666,0.6,6.0,3.0,0.5,0.07936507936507936,0.015873015873015872,2,2,0,1,1,0,True,False,False,True,False,False,2,0,1,1.0,1,0,0,0,0.7297297297297297,Expected win,0.2702702702702703,Win
2026-421|89,2026-08-11,2026,2026-421,Canada Masters,Masters 1000,Hard,O,QF,3,6-2 6-3,77.0,completed,N0AE,Brandon Nakashima,31.0,28.0,,D0FJ,Luciano Darderi,ITA,22.0,19,W,1,11.0,1.0,60.0,36.0,30.0,12.0,9.0,4.0,4.0,5.0,8.0,-9.0,1,0,0.6,0.8333333333333334,0.5,1.0,8.0,3.0,0.375,0.18333333333333332,0.016666666666666666,2,2,0,0,0,0,True,False,False,True,False,False,2,0,0,,1,0,0,0,0.41509433962264153,Toss-up,0.5849056603773585,Win
2026-421|91,2026-08-12,2026,2026-421,Canada Masters,Masters 1000,Hard,O,QF,3,6-3 6-1,72.0,completed,S0S1,Ben Shelton,10.0,5.0,,M0NI,Jakub Mensik,CZE,17.0,13,W,1,1.0,1.0,44.0,28.0,25.0,8.0,8.0,0.0,0.0,2.0,6.0,7.0,0,0,0.6363636363636364,0.8928571428571429,0.5,,6.0,4.0,0.6666666666666666,0.022727272727272728,0.022727272727272728,2,2,0,0,0,0,True,False,False,True,False,False,2,0,0,,1,0,0,0,0.6296296296296297,Toss-up,0.37037037037037035,Win
2026-421|92,2026-08-12,2026,2026-421,Canada Masters,Masters 1000,Hard,O,QF,3,6-3 6-2,72.0,completed,T0HA,Learner Tien,19.0,12.0,,M0N7,Daniel Merida,ESP,296.0,,W,1,0.0,0.0,52.0,38.0,27.0,9.0,9.0,2.0,3.0,4.0,8.0,277.0,0,0,0.7307692307692307,0.7105263157894737,0.6428571428571429,0.6666666666666666,8.0,4.0,0.5,0.0,0.0,2,2,0,0,0,0,True,False,False,True,False,False,2,0,0,,1,0,0,0,0.9396825396825397,Expected win,0.060317460317460325,Win
2026-421|93,2026-08-13,2026,2026-421,Canada Masters,Masters 1000,Hard,O,SF,3,7-6(3) 6-4,122.0,completed,N0AE,Brandon Nakashima,31.0,28.0,,J0DZ,Rafael Jodar,ESP,15.0,20,W,1,6.0,0.0,77.0,48.0,39.0,18.0,11.0,6.0,6.0,10.0,11.0,-16.0,1,0,0.6233766233766234,0.8125,0.6206896551724138,1.0,11.0,1.0,0.09090909090909091,0.07792207792207792,0.0,2,2,0,1,1,0,True,False,False,True,False,False,2,0,1,1.0,1,0,0,0,0.32608695652173914,Expected loss,0.6739130434782609,Upset win
2026-421|94,2026-08-13,2026,2026-421,Canada Masters,Masters 1000,Hard,O,SF,3,6-2 6-3,84.0,completed,S0S1,Ben Shelton,10.0,5.0,,T0HA,Learner Tien,USA,19.0,12,W,1,5.0,1.0,58.0,43.0,35.0,6.0,9.0,4.0,4.0,2.0,5.0,9.0,0,0,0.7413793103448276,0.813953488372093,0.4,1.0,5.0,3.0,0.6,0.08620689655172414,0.017241379310344827,2,2,0,0,0,0,True,False,False,True,False,False,2,0,0,,1,0,0,0,0.6551724137931034,Expected win,0.3448275862068966,Win
2026-421|94,2026-08-13,2026,2026-421,Canada Masters,Masters 1000,Hard,O,SF,3,6-2 6-3,84.0,completed,T0HA,Learner Tien,19.0,12,,S0S1,Ben Shelton,USA,10.0,5.0,L,0,1.0,5.0,50.0,29.0,16.0,11.0,8.0,2.0,5.0,4.0,4.0,-9.0,0,0,0.58,0.5517241379310345,0.5238095238095238,0.4,4.0,0.0,0.0,0.02,0.1,2,2,0,0,0,0,True,False,False,True,False,False,0,2,0,,0,0,0,0,0.3448275862068966,Expected loss,-0.3448275862068966,Loss
2026-421|95,2026-08-14,2026,2026-421,Canada Masters,Masters 1000,Hard,O,F,3,6-3 7-6(4),87.0,completed,S0S1,Ben Shelton,10.0,5.0,,N0AE,Brandon Nakashima,USA,31.0,28,W,1,7.0,0.0,54.0,37.0,32.0,13.0,10.0,0.0,0.0,2.0,4.0,21.0,0,0,0.6851851851851852,0.8648648648648649,0.7647058823529411,,4.0,2.0,0.5,0.12962962962962962,0.0,2,2,0,1,1,0,True,False,False,True,False,False,2,0,1,1.0,1,0,0,0,0.7560975609756098,Expected win,0.24390243902439024,Win
2026-421|95,2026-08-14,2026,2026-421,Canada Masters,Masters 1000,Hard,O,F,3,6-3 7-6(4),87.0,completed,N0AE,Brandon Nakashima,31.0,28,,S0S1,Ben Shelton,USA,10.0,5.0,L,0,8.0,1.0,64.0,40.0,32.0,12.0,11.0,2.0,4.0,0.0,0.0,-21.0,0,0,0.625,0.8,0.5,0.5,0.0,0.0,,0.125,0.015625,2,2,0,1,1,0,True,False,False,True,False,False,0,2,0,0.0,0,0,0,0,0.24390243902439024,Expected loss,-0.24390243902439024,Loss
2026-422|10,2026-08-14,2026,2026-422,Cincinnati Masters,Masters 1000,Hard,O,R128,3,7-6(0) 7-6(4),124.0,ongoing,S0K7,Zachary Svajda,84.0,,,B0GG,Mattia Bellucci,ITA,81.0,,L,0,8.0,3.0,85.0,50.0,40.0,14.0,12.0,6.0,7.0,5.0,6.0,-3.0,0,0,0.5882352941176471,0.8,0.4,0.8571428571428571,6.0,1.0,0.16666666666666666,0.09411764705882353,0.03529411764705882,2,2,0,2,2,0,True,False,False,True,False,False,0,2,0,0.0,0,0,0,0,0.4909090909090909,Toss-up,-0.4909090909090909,Loss
2026-422|18,2026-08-14,2026,2026-422,Cincinnati Masters,Masters 1000,Hard,O,R128,3,6-4 6-4,83.0,ongoing,M0QI,Alex Michelsen,41.0,,,,Jesper De Jong,,106.0,,W,1,7.0,1.0,57.0,36.0,30.0,12.0,10.0,2.0,2.0,2.0,4.0,65.0,0,0,0.631578947368421,0.8333333333333334,0.5714285714285714,1.0,4.0,2.0,0.5,0.12280701754385964,0.017543859649122806,2,2,0,0,0,0,True,False,False,True,False,False,2,0,0,,1,0,0,0,0.7210884353741497,Expected win,0.2789115646258503,Win
2026-422|23,2026-08-14,2026,2026-422,Cincinnati Masters,Masters 1000,Hard,O,R128,3,7-5 7-6(0),114.0,ongoing,W09G,J.J. Wolf,285.0,,Q,D994,James Duckworth,AUS,86.0,,L,0,5.0,3.0,96.0,54.0,34.0,21.0,12.0,5.0,7.0,3.0,4.0,-199.0,0,0,0.5625,0.6296296296296297,0.5,0.7142857142857143,4.0,1.0,0.25,0.052083333333333336,0.03125,2,2,0,1,1,0,True,False,False,True,False,False,0,2,0,0.0,0,0,0,0,0.23180592991913745,Expected loss,-0.23180592991913745,Loss
2026-422|28,2026-08-15,2026,2026-422,Cincinnati Masters,Masters 1000,Hard,O,R128,3,6-3 6-2,74.0,ongoing,B0CD,Jenson Brooksby,74.0,,,F0F2,Jaime Faria,POR,79.0,,L,0,1.0,2.0,53.0,33.0,20.0,7.0,8.0,3.0,7.0,5.0,6.0,5.0,0,1,0.6226415094339622,0.6060606060606061,0.35,0.42857142857142855,6.0,1.0,0.16666666666666666,0.018867924528301886,0.03773584905660377,2,2,0,0,0,0,True,False,False,True,False,False,0,2,0,,0,0,0,0,0.5163398692810458,Toss-up,-0.5163398692810458,Loss
2026-422|31,2026-08-15,2026,2026-422,Cincinnati Masters,Masters 1000,Hard,O,R128,3,3-6 6-1 7-6(1),119.0,ongoing,Z0BZ,Michael Zheng,110.0,,Q,M0CI,Fabian Marozsan,HUN,63.0,,W,1,7.0,6.0,86.0,48.0,40.0,20.0,14.0,4.0,6.0,1.0,4.0,-47.0,1,0,0.5581395348837209,0.8333333333333334,0.5263157894736842,0.6666666666666666,4.0,3.0,0.75,0.08139534883720931,0.06976744186046512,3,2,1,1,1,0,False,False,False,True,True,False,2,1,1,1.0,0,1,0,1,0.36416184971098264,Toss-up,0.6358381502890174,Win
2026-422|32,2026-08-15,2026,2026-422,Cincinnati Masters,Masters 1000,Hard,O,R128,3,5-7 6-3 7-6(2),142.0,ongoing,K0AZ,Aleksandar Kovacevic,96.0,,,KE29,Karen Khachanov,RUS,39.0,,W,1,10.0,2.0,100.0,52.0,44.0,30.0,17.0,7.0,8.0,10.0,11.0,-57.0,1,0,0.52,0.8461538461538461,0.625,0.875,11.0,1.0,0.09090909090909091,0.1,0.02,3,2,1,1,1,0,False,False,False,True,True,False,2,1,1,1.0,0,1,0,1,0.28888888888888886,Expected loss,0.7111111111111111,Upset win
2026-422|44,2026-08-16,2026,2026-422,Cincinnati Masters,Masters 1000,Hard,O,R64,3,6-4 6-7(3) 6-3,157.0,ongoing,PL56,Tommy Paul,24.0,18.0,,HB71,Hubert Hurkacz,POL,69.0,,W,1,1.0,3.0,110.0,63.0,46.0,28.0,16.0,9.0,9.0,4.0,6.0,45.0,0,0,0.5727272727272728,0.7301587301587301,0.5957446808510638,1.0,6.0,2.0,0.3333333333333333,0.00909090909090909,0.02727272727272727,3,2,1,1,0,1,True,False,False,True,True,False,2,1,0,0.0,0,1,0,0,0.7419354838709677,Expected win,0.25806451612903225,Win
2026-422|51,2026-08-16,2026,2026-422,Cincinnati Masters,Masters 1000,Hard,O,R64,3,6-4 6-3,82.0,ongoing,Z0BZ,Michael Zheng,110.0,,Q,HH26,Ugo Humbert,FRA,30.0,24.0,W,1,4.0,3.0,57.0,34.0,25.0,13.0,9.0,1.0,1.0,4.0,7.0,-80.0,1,0,0.5964912280701754,0.7352941176470589,0.5652173913043478,1.0,7.0,3.0,0.42857142857142855,0.07017543859649122,0.05263157894736842,2,2,0,0,0,0,True,False,False,True,False,False,2,0,0,,1,0,0,0,0.21428571428571427,Expected loss,0.7857142857142857,Upset win
2026-422|55,2026-08-16,2026,2026-422,Cincinnati Masters,Masters 1000,Hard,O,R64,3,6-3 6-4,85.0,ongoing,M0QI,Alex Michelsen,41.0,,,FB98,Taylor Fritz,USA,9.0,6.0,L,0,4.0,8.0,60.0,37.0,25.0,8.0,9.0,3.0,6.0,1.0,2.0,-32.0,0,0,0.6166666666666667,0.6756756756756757,0.34782608695652173,0.5,2.0,1.0,0.5,0.06666666666666667,0.13333333333333333,2,2,0,0,0,0,True,False,False,True,False,False,0,2,0,,0,0,0,0,0.18,Expected loss,-0.18,Loss
2026-422|55,2026-08-16,2026,2026-422,Cincinnati Masters,Masters 1000,Hard,O,R64,3,6-3 6-4,85.0,ongoing,FB98,Taylor Fritz,9.0,6.0,,M0QI,Alex Michelsen,USA,41.0,,W,1,7.0,6.0,71.0,38.0,31.0,14.0,10.0,1.0,2.0,3.0,6.0,32.0,0,0,0.5352112676056338,0.8157894736842105,0.42424242424242425,0.5,6.0,3.0,0.5,0.09859154929577464,0.08450704225352113,2,2,0,0,0,0,True,False,False,True,False,False,2,0,0,,1,0,0,0,0.82,Expected win,0.18000000000000005,Win
2026-422|59,2026-08-17,2026,2026-422,Cincinnati Masters,Masters 1000,Hard,O,R64,3,6-3 7-6(4),85.0,ongoing,T0HA,Learner Tien,12.0,16.0,,B0BI,Sebastian Baez,ARG,53.0,,W,1,5.0,1.0,61.0,43.0,34.0,9.0,11.0,0.0,2.0,1.0,4.0,41.0,0,0,0.7049180327868853,0.7906976744186046,0.5,0.0,4.0,3.0,0.75,0.08196721311475409,0.01639344262295082,2,2,0,1,1,0,True,False,False,True,False,False,2,0,1,1.0,1,0,0,0,0.8153846153846154,Expected win,0.18461538461538463,Win
2026-422|60,2026-08-17,2026,2026-422,Cincinnati Masters,Masters 1000,Hard,O,R64,3,6-2 7-5,81.0,ongoing,K0AZ,Aleksandar Kovacevic,96.0,,,N0AE,Brandon Nakashima,USA,22.0,27.0,L,0,9.0,9.0,67.0,33.0,25.0,11.0,10.0,2.0,6.0,0.0,1.0,-74.0,0,0,0.4925373134328358,0.7575757575757576,0.3235294117647059,0.3333333333333333,1.0,1.0,1.0,0.13432835820895522,0.13432835820895522,2,2,0,0,0,0,True,False,False,True,False,False,0,2,0,,0,0,0,0,0.1864406779661017,Expected loss,-0.1864406779661017,Loss
2026-422|60,2026-08-17,2026,2026-422,Cincinnati Masters,Masters 1000,Hard,O,R64,3,6-2 7-5,81.0,ongoing,N0AE,Brandon Nakashima,22.0,27.0,,K0AZ,Aleksandar Kovacevic,USA,96.0,,W,1,13.0,2.0,50.0,27.0,22.0,15.0,10.0,0.0,1.0,2.0,6.0,74.0,0,0,0.54,0.8148148148148148,0.6521739130434783,0.0,6.0,4.0,0.6666666666666666,0.26,0.04,2,2,0,0,0,0,True,False,False,True,False,False,2,0,0,,1,0,0,0,0.8135593220338984,Expected win,0.18644067796610164,Win
2026-422|63,2026-08-17,2026,2026-422,Cincinnati Masters,Masters 1000,Hard,O,R64,3,6-4 6-4,113.0,ongoing,S0S1,Ben Shelton,6.0,8.0,,F0F2,Jaime Faria,POR,79.0,,L,0,3.0,3.0,65.0,42.0,27.0,10.0,10.0,7.0,10.0,11.0,12.0,73.0,0,1,0.6461538461538462,0.6428571428571429,0.43478260869565216,0.7,12.0,1.0,0.08333333333333333,0.046153846153846156,0.046153846153846156,2,2,0,0,0,0,True,False,False,True,False,False,0,2,0,,0,0,0,0,0.9294117647058824,Expected win,-0.9294117647058824,Unexpected loss
2026-422|64,2026-08-17,2026,2026-422,Cincinnati Masters,Masters 1000,Hard,O,R64,3,6-3 6-4,76.0,ongoing,TD51,Frances Tiafoe,23.0,17.0,,SU87,Lorenzo Sonego,ITA,88.0,,W,1,4.0,0.0,55.0,30.0,26.0,17.0,10.0,2.0,2.0,1.0,3.0,65.0,0,0,0.5454545454545454,0.8666666666666667,0.68,1.0,3.0,2.0,0.6666666666666666,0.07272727272727272,0.0,2,2,0,0,0,0,True,False,False,True,False,False,2,0,0,,1,0,0,0,0.7927927927927928,Expected win,0.2072072072072072,Win
